"Notes","Five-Year Age Groups","Five-Year Age Groups Code","Year","Year Code","Sex","Sex Code","Single Race 6","Single Race 6 Code",Deaths,Population,Crude Rate
,"< 1 year","1","2018","2018","Female","F","Black or African American","2054-5",73,12024,607.1
,"< 1 year","1","2018","2018","Female","F","White","2106-3",174,60395,288.1
,"< 1 year","1","2018","2018","Male","M","Black or African American","2054-5",109,12464,874.5
,"< 1 year","1","2018","2018","Male","M","White","2106-3",226,63563,355.6
,"< 1 year","1","2019","2019","Female","F","Black or African American","2054-5",97,11860,817.9
,"< 1 year","1","2019","2019","Female","F","White","2106-3",178,60791,292.8
,"< 1 year","1","2019","2019","Male","M","Black or African American","2054-5",105,12307,853.2
,"< 1 year","1","2019","2019","Male","M","White","2106-3",211,63927,330.1
,"< 1 year","1","2020","2020","Female","F","Black or African American","2054-5",100,11614,861.0
,"< 1 year","1","2020","2020","Female","F","White","2106-3",141,56009,251.7
,"< 1 year","1","2020","2020","Male","M","Black or African American","2054-5",113,12016,940.4
,"< 1 year","1","2020","2020","Male","M","White","2106-3",163,58741,277.5
,"< 1 year","1","2021","2021","Female","F","Black or African American","2054-5",75,10670,702.9
,"< 1 year","1","2021","2021","Female","F","White","2106-3",136,52083,261.1
,"< 1 year","1","2021","2021","Male","M","Black or African American","2054-5",97,10980,883.4
,"< 1 year","1","2021","2021","Male","M","White","2106-3",190,54599,348.0
,"< 1 year","1","2022","2022","Female","F","Black or African American","2054-5",69,10859,635.4
,"< 1 year","1","2022","2022","Female","F","White","2106-3",132,51554,256.0
,"< 1 year","1","2022","2022","Male","M","Black or African American","2054-5",108,11183,965.8
,"< 1 year","1","2022","2022","Male","M","White","2106-3",185,54845,337.3
,"< 1 year","1","2023 ","2023","Female","F","Black or African American","2054-5",70,10493,667.1
,"< 1 year","1","2023 ","2023","Female","F","White","2106-3",127,50253,252.7
,"< 1 year","1","2023 ","2023","Male","M","Black or African American","2054-5",80,10783,741.9
,"< 1 year","1","2023 ","2023","Male","M","White","2106-3",165,52916,311.8
,"1-4 years","1-4","2018","2018","Female","F","White","2106-3",21,246903,8.5
,"1-4 years","1-4","2018","2018","Male","M","Black or African American","2054-5",12,49690,Unreliable
,"1-4 years","1-4","2018","2018","Male","M","White","2106-3",24,260600,9.2
,"1-4 years","1-4","2019","2019","Female","F","White","2106-3",26,245700,10.6
,"1-4 years","1-4","2019","2019","Male","M","Black or African American","2054-5",10,48148,Unreliable
,"1-4 years","1-4","2019","2019","Male","M","White","2106-3",25,259436,9.6
,"1-4 years","1-4","2020","2020","Female","F","White","2106-3",29,224665,12.9
,"1-4 years","1-4","2020","2020","Male","M","Black or African American","2054-5",12,45663,Unreliable
,"1-4 years","1-4","2020","2020","Male","M","White","2106-3",23,237047,9.7
,"1-4 years","1-4","2021","2021","Female","F","White","2106-3",24,214491,11.2
,"1-4 years","1-4","2021","2021","Male","M","White","2106-3",20,226225,8.8
,"1-4 years","1-4","2022","2022","Female","F","Black or African American","2054-5",10,42423,Unreliable
,"1-4 years","1-4","2022","2022","Female","F","White","2106-3",24,200771,12.0
,"1-4 years","1-4","2022","2022","Male","M","White","2106-3",22,212801,10.3
,"1-4 years","1-4","2023 ","2023","Female","F","Black or African American","2054-5",11,42572,Unreliable
,"1-4 years","1-4","2023 ","2023","Female","F","White","2106-3",27,197918,13.6
,"1-4 years","1-4","2023 ","2023","Male","M","Black or African American","2054-5",17,43883,Unreliable
,"1-4 years","1-4","2023 ","2023","Male","M","White","2106-3",32,208948,15.3
,"5-9 years","5-9","2018","2018","Male","M","White","2106-3",17,319095,Unreliable
,"5-9 years","5-9","2019","2019","Female","F","White","2106-3",13,305193,Unreliable
,"5-9 years","5-9","2019","2019","Male","M","White","2106-3",17,321342,Unreliable
,"5-9 years","5-9","2020","2020","Female","F","White","2106-3",15,293105,Unreliable
,"5-9 years","5-9","2020","2020","Male","M","White","2106-3",18,308892,Unreliable
,"5-9 years","5-9","2021","2021","Female","F","White","2106-3",17,285850,Unreliable
,"5-9 years","5-9","2021","2021","Male","M","White","2106-3",16,301597,Unreliable
,"5-9 years","5-9","2022","2022","Female","F","White","2106-3",17,273334,Unreliable
,"5-9 years","5-9","2022","2022","Male","M","White","2106-3",15,288974,Unreliable
,"5-9 years","5-9","2023 ","2023","Female","F","White","2106-3",23,268837,8.6
,"5-9 years","5-9","2023 ","2023","Male","M","White","2106-3",15,284209,Unreliable
,"10-14 years","10-14","2018","2018","Female","F","White","2106-3",27,314135,8.6
,"10-14 years","10-14","2018","2018","Male","M","Black or African American","2054-5",12,65700,Unreliable
,"10-14 years","10-14","2018","2018","Male","M","White","2106-3",25,332073,7.5
,"10-14 years","10-14","2019","2019","Female","F","White","2106-3",15,306002,Unreliable
,"10-14 years","10-14","2019","2019","Male","M","White","2106-3",25,323170,7.7
,"10-14 years","10-14","2020","2020","Female","F","White","2106-3",10,297752,Unreliable
,"10-14 years","10-14","2020","2020","Male","M","White","2106-3",22,314734,7.0
,"10-14 years","10-14","2021","2021","Female","F","White","2106-3",20,298405,6.7
,"10-14 years","10-14","2021","2021","Male","M","White","2106-3",19,317135,Unreliable
,"10-14 years","10-14","2022","2022","Female","F","White","2106-3",15,283547,Unreliable
,"10-14 years","10-14","2022","2022","Male","M","Black or African American","2054-5",11,63410,Unreliable
,"10-14 years","10-14","2022","2022","Male","M","White","2106-3",27,301325,9.0
,"10-14 years","10-14","2023 ","2023","Female","F","White","2106-3",18,278418,Unreliable
,"10-14 years","10-14","2023 ","2023","Male","M","White","2106-3",17,295015,Unreliable
,"15-19 years","15-19","2018","2018","Female","F","White","2106-3",39,332554,11.7
,"15-19 years","15-19","2018","2018","Male","M","Black or African American","2054-5",15,70875,Unreliable
,"15-19 years","15-19","2018","2018","Male","M","White","2106-3",47,353475,13.3
,"15-19 years","15-19","2019","2019","Female","F","White","2106-3",27,327069,8.3
,"15-19 years","15-19","2019","2019","Male","M","Black or African American","2054-5",13,69104,Unreliable
,"15-19 years","15-19","2019","2019","Male","M","White","2106-3",34,347755,9.8
,"15-19 years","15-19","2020","2020","Female","F","Black or African American","2054-5",13,62884,Unreliable
,"15-19 years","15-19","2020","2020","Female","F","White","2106-3",21,320038,6.6
,"15-19 years","15-19","2020","2020","Male","M","Black or African American","2054-5",20,66920,29.9
,"15-19 years","15-19","2020","2020","Male","M","White","2106-3",26,340126,7.6
,"15-19 years","15-19","2021","2021","Female","F","Black or African American","2054-5",13,63172,Unreliable
,"15-19 years","15-19","2021","2021","Female","F","White","2106-3",28,320619,8.7
,"15-19 years","15-19","2021","2021","Male","M","Black or African American","2054-5",15,67534,Unreliable
,"15-19 years","15-19","2021","2021","Male","M","White","2106-3",40,341725,11.7
,"15-19 years","15-19","2022","2022","Female","F","Black or African American","2054-5",15,62061,Unreliable
,"15-19 years","15-19","2022","2022","Female","F","White","2106-3",19,312621,Unreliable
,"15-19 years","15-19","2022","2022","Male","M","Black or African American","2054-5",15,65586,Unreliable
,"15-19 years","15-19","2022","2022","Male","M","White","2106-3",31,334897,9.3
,"15-19 years","15-19","2023 ","2023","Female","F","Black or African American","2054-5",14,63609,Unreliable
,"15-19 years","15-19","2023 ","2023","Female","F","White","2106-3",26,312728,8.3
,"15-19 years","15-19","2023 ","2023","Male","M","Black or African American","2054-5",18,66353,Unreliable
,"15-19 years","15-19","2023 ","2023","Male","M","White","2106-3",51,333149,15.3
,"20-24 years","20-24","2018","2018","Female","F","Black or African American","2054-5",21,76115,27.6
,"20-24 years","20-24","2018","2018","Female","F","White","2106-3",51,368061,13.9
,"20-24 years","20-24","2018","2018","Male","M","Black or African American","2054-5",22,85191,25.8
,"20-24 years","20-24","2018","2018","Male","M","White","2106-3",84,407641,20.6
,"20-24 years","20-24","2019","2019","Female","F","Black or African American","2054-5",27,73399,36.8
,"20-24 years","20-24","2019","2019","Female","F","White","2106-3",54,356232,15.2
,"20-24 years","20-24","2019","2019","Male","M","Black or African American","2054-5",35,81875,42.7
,"20-24 years","20-24","2019","2019","Male","M","White","2106-3",58,392288,14.8
,"20-24 years","20-24","2020","2020","Female","F","Black or African American","2054-5",37,71228,51.9
,"20-24 years","20-24","2020","2020","Female","F","White","2106-3",47,344751,13.6
,"20-24 years","20-24","2020","2020","Male","M","Black or African American","2054-5",44,79239,55.5
,"20-24 years","20-24","2020","2020","Male","M","White","2106-3",76,379665,20.0
,"20-24 years","20-24","2021","2021","Female","F","Black or African American","2054-5",21,68925,30.5
,"20-24 years","20-24","2021","2021","Female","F","White","2106-3",43,330416,13.0
,"20-24 years","20-24","2021","2021","Male","M","Black or African American","2054-5",45,76488,58.8
,"20-24 years","20-24","2021","2021","Male","M","White","2106-3",63,362140,17.4
,"20-24 years","20-24","2022","2022","Female","F","Black or African American","2054-5",20,70164,28.5
,"20-24 years","20-24","2022","2022","Female","F","White","2106-3",42,337528,12.4
,"20-24 years","20-24","2022","2022","Male","M","Black or African American","2054-5",38,77209,49.2
,"20-24 years","20-24","2022","2022","Male","M","White","2106-3",64,372447,17.2
,"20-24 years","20-24","2023 ","2023","Female","F","Black or African American","2054-5",26,65975,39.4
,"20-24 years","20-24","2023 ","2023","Female","F","White","2106-3",39,319974,12.2
,"20-24 years","20-24","2023 ","2023","Male","M","Black or African American","2054-5",22,71851,30.6
,"20-24 years","20-24","2023 ","2023","Male","M","White","2106-3",65,351929,18.5
,"25-29 years","25-29","2018","2018","Female","F","Black or African American","2054-5",44,93554,47.0
,"25-29 years","25-29","2018","2018","Female","F","White","2106-3",87,474286,18.3
,"25-29 years","25-29","2018","2018","Male","M","Black or African American","2054-5",63,104888,60.1
,"25-29 years","25-29","2018","2018","Male","M","White","2106-3",151,518092,29.1
,"25-29 years","25-29","2019","2019","Female","F","Black or African American","2054-5",32,92499,34.6
,"25-29 years","25-29","2019","2019","Female","F","White","2106-3",80,456979,17.5
,"25-29 years","25-29","2019","2019","Male","M","Black or African American","2054-5",63,105178,59.9
,"25-29 years","25-29","2019","2019","Male","M","White","2106-3",163,500960,32.5
,"25-29 years","25-29","2020","2020","Female","F","Black or African American","2054-5",57,89394,63.8
,"25-29 years","25-29","2020","2020","Female","F","White","2106-3",114,431708,26.4
,"25-29 years","25-29","2020","2020","Male","M","Black or African American","2054-5",62,103066,60.2
,"25-29 years","25-29","2020","2020","Male","M","White","2106-3",157,475292,33.0
,"25-29 years","25-29","2021","2021","Female","F","Black or African American","2054-5",46,83591,55.0
,"25-29 years","25-29","2021","2021","Female","F","White","2106-3",77,396428,19.4
,"25-29 years","25-29","2021","2021","Male","M","Black or African American","2054-5",64,95000,67.4
,"25-29 years","25-29","2021","2021","Male","M","White","2106-3",142,429734,33.0
,"25-29 years","25-29","2022","2022","Female","F","Black or African American","2054-5",41,79299,51.7
,"25-29 years","25-29","2022","2022","Female","F","White","2106-3",110,375246,29.3
,"25-29 years","25-29","2022","2022","Male","M","Black or African American","2054-5",79,90164,87.6
,"25-29 years","25-29","2022","2022","Male","M","White","2106-3",151,409406,36.9
,"25-29 years","25-29","2023 ","2023","Female","F","Black or African American","2054-5",38,77221,49.2
,"25-29 years","25-29","2023 ","2023","Female","F","White","2106-3",65,363582,17.9
,"25-29 years","25-29","2023 ","2023","Male","M","Black or African American","2054-5",49,85848,57.1
,"25-29 years","25-29","2023 ","2023","Male","M","White","2106-3",141,388327,36.3
,"30-34 years","30-34","2018","2018","Female","F","Black or African American","2054-5",82,80245,102.2
,"30-34 years","30-34","2018","2018","Female","F","White","2106-3",176,472481,37.3
,"30-34 years","30-34","2018","2018","Male","M","Black or African American","2054-5",84,88321,95.1
,"30-34 years","30-34","2018","2018","Male","M","White","2106-3",282,514820,54.8
,"30-34 years","30-34","2019","2019","Female","F","Black or African American","2054-5",69,83738,82.4
,"30-34 years","30-34","2019","2019","Female","F","White","2106-3",186,474707,39.2
,"30-34 years","30-34","2019","2019","Male","M","Black or African American","2054-5",78,93328,83.6
,"30-34 years","30-34","2019","2019","Male","M","White","2106-3",266,516620,51.5
,"30-34 years","30-34","2020","2020","Female","F","Black or African American","2054-5",92,86981,105.8
,"30-34 years","30-34","2020","2020","Female","F","White","2106-3",199,476339,41.8
,"30-34 years","30-34","2020","2020","Male","M","Black or African American","2054-5",92,98085,93.8
,"30-34 years","30-34","2020","2020","Male","M","White","2106-3",296,518781,57.1
,"30-34 years","30-34","2021","2021","Female","F","Black or African American","2054-5",84,88876,94.5
,"30-34 years","30-34","2021","2021","Female","F","White","2106-3",197,464109,42.4
,"30-34 years","30-34","2021","2021","Male","M","Black or African American","2054-5",122,100699,121.2
,"30-34 years","30-34","2021","2021","Male","M","White","2106-3",327,502165,65.1
,"30-34 years","30-34","2022","2022","Female","F","Black or African American","2054-5",82,89199,91.9
,"30-34 years","30-34","2022","2022","Female","F","White","2106-3",182,445221,40.9
,"30-34 years","30-34","2022","2022","Male","M","Black or African American","2054-5",134,101692,131.8
,"30-34 years","30-34","2022","2022","Male","M","White","2106-3",322,487025,66.1
,"30-34 years","30-34","2023 ","2023","Female","F","Black or African American","2054-5",81,90222,89.8
,"30-34 years","30-34","2023 ","2023","Female","F","White","2106-3",158,433728,36.4
,"30-34 years","30-34","2023 ","2023","Male","M","Black or African American","2054-5",121,101673,119.0
,"30-34 years","30-34","2023 ","2023","Male","M","White","2106-3",258,468693,55.0
,"35-39 years","35-39","2018","2018","Female","F","Black or African American","2054-5",119,73076,162.8
,"35-39 years","35-39","2018","2018","Female","F","White","2106-3",269,446983,60.2
,"35-39 years","35-39","2018","2018","Male","M","Black or African American","2054-5",130,77662,167.4
,"35-39 years","35-39","2018","2018","Male","M","White","2106-3",399,485131,82.2
,"35-39 years","35-39","2019","2019","Female","F","Black or African American","2054-5",101,73247,137.9
,"35-39 years","35-39","2019","2019","Female","F","White","2106-3",273,449820,60.7
,"35-39 years","35-39","2019","2019","Male","M","Black or African American","2054-5",129,79200,162.9
,"35-39 years","35-39","2019","2019","Male","M","White","2106-3",374,489050,76.5
,"35-39 years","35-39","2020","2020","Female","F","Black or African American","2054-5",128,73352,174.5
,"35-39 years","35-39","2020","2020","Female","F","White","2106-3",326,449175,72.6
,"35-39 years","35-39","2020","2020","Male","M","Black or African American","2054-5",161,80210,200.7
,"35-39 years","35-39","2020","2020","Male","M","White","2106-3",427,488208,87.5
,"35-39 years","35-39","2021","2021","Female","F","Black or African American","2054-5",132,74552,177.1
,"35-39 years","35-39","2021","2021","Female","F","White","2106-3",322,445647,72.3
,"35-39 years","35-39","2021","2021","Male","M","Black or African American","2054-5",188,83313,225.7
,"35-39 years","35-39","2021","2021","Male","M","White","2106-3",466,491165,94.9
,"35-39 years","35-39","2022","2022","Female","F","Black or African American","2054-5",132,74759,176.6
,"35-39 years","35-39","2022","2022","Female","F","White","2106-3",277,432838,64.0
,"35-39 years","35-39","2022","2022","Male","M","Black or African American","2054-5",159,83777,189.8
,"35-39 years","35-39","2022","2022","Male","M","White","2106-3",438,481734,90.9
,"35-39 years","35-39","2023 ","2023","Female","F","Black or African American","2054-5",114,77341,147.4
,"35-39 years","35-39","2023 ","2023","Female","F","White","2106-3",297,433414,68.5
,"35-39 years","35-39","2023 ","2023","Male","M","Black or African American","2054-5",142,86069,165.0
,"35-39 years","35-39","2023 ","2023","Male","M","White","2106-3",394,475395,82.9
,"40-44 years","40-44","2018","2018","Female","F","Black or African American","2054-5",152,67191,226.2
,"40-44 years","40-44","2018","2018","Female","F","White","2106-3",345,397166,86.9
,"40-44 years","40-44","2018","2018","Male","M","Black or African American","2054-5",183,68201,268.3
,"40-44 years","40-44","2018","2018","Male","M","White","2106-3",501,426328,117.5
,"40-44 years","40-44","2019","2019","Female","F","Black or African American","2054-5",150,67710,221.5
,"40-44 years","40-44","2019","2019","Female","F","White","2106-3",374,398846,93.8
,"40-44 years","40-44","2019","2019","Male","M","Black or African American","2054-5",183,69485,263.4
,"40-44 years","40-44","2019","2019","Male","M","White","2106-3",502,429067,117.0
,"40-44 years","40-44","2020","2020","Female","F","Black or African American","2054-5",133,68901,193.0
,"40-44 years","40-44","2020","2020","Female","F","White","2106-3",437,403014,108.4
,"40-44 years","40-44","2020","2020","Male","M","Black or African American","2054-5",229,71452,320.5
,"40-44 years","40-44","2020","2020","Male","M","White","2106-3",605,433931,139.4
,"40-44 years","40-44","2021","2021","Female","F","Black or African American","2054-5",177,69690,254.0
,"40-44 years","40-44","2021","2021","Female","F","White","2106-3",486,409177,118.8
,"40-44 years","40-44","2021","2021","Male","M","Black or African American","2054-5",234,74723,313.2
,"40-44 years","40-44","2021","2021","Male","M","White","2106-3",693,448488,154.5
,"40-44 years","40-44","2022","2022","Female","F","Black or African American","2054-5",192,69405,276.6
,"40-44 years","40-44","2022","2022","Female","F","White","2106-3",385,406619,94.7
,"40-44 years","40-44","2022","2022","Male","M","Black or African American","2054-5",202,75169,268.7
,"40-44 years","40-44","2022","2022","Male","M","White","2106-3",630,450986,139.7
,"40-44 years","40-44","2023 ","2023","Female","F","Black or African American","2054-5",176,70080,251.1
,"40-44 years","40-44","2023 ","2023","Female","F","White","2106-3",420,413653,101.5
,"40-44 years","40-44","2023 ","2023","Male","M","Black or African American","2054-5",193,76542,252.1
,"40-44 years","40-44","2023 ","2023","Male","M","White","2106-3",645,454426,141.9
,"45-49 years","45-49","2018","2018","Female","F","Black or African American","2054-5",247,72381,341.2
,"45-49 years","45-49","2018","2018","Female","F","White","2106-3",761,453183,167.9
,"45-49 years","45-49","2018","2018","Male","M","Black or African American","2054-5",293,73019,401.3
,"45-49 years","45-49","2018","2018","Male","M","White","2106-3",1041,476424,218.5
,"45-49 years","45-49","2019","2019","Female","F","Black or African American","2054-5",230,69952,328.8
,"45-49 years","45-49","2019","2019","Female","F","White","2106-3",687,429578,159.9
,"45-49 years","45-49","2019","2019","Male","M","Black or African American","2054-5",297,70689,420.2
,"45-49 years","45-49","2019","2019","Male","M","White","2106-3",958,454600,210.7
,"45-49 years","45-49","2020","2020","Female","F","Black or African American","2054-5",252,67070,375.7
,"45-49 years","45-49","2020","2020","Female","F","White","2106-3",677,404856,167.2
,"45-49 years","45-49","2020","2020","Male","M","Black or African American","2054-5",364,68277,533.1
,"45-49 years","45-49","2020","2020","Male","M","White","2106-3",984,430735,228.4
,"45-49 years","45-49","2021","2021","Female","F","Black or African American","2054-5",220,64950,338.7
,"45-49 years","45-49","2021","2021","Female","F","White","2106-3",676,383097,176.5
,"45-49 years","45-49","2021","2021","Male","M","Black or African American","2054-5",320,67842,471.7
,"45-49 years","45-49","2021","2021","Male","M","White","2106-3",1024,416374,245.9
,"45-49 years","45-49","2022","2022","Female","F","Black or African American","2054-5",266,63974,415.8
,"45-49 years","45-49","2022","2022","Female","F","White","2106-3",654,369065,177.2
,"45-49 years","45-49","2022","2022","Male","M","Black or African American","2054-5",295,67159,439.3
,"45-49 years","45-49","2022","2022","Male","M","White","2106-3",895,406626,220.1
,"45-49 years","45-49","2023 ","2023","Female","F","Black or African American","2054-5",234,64962,360.2
,"45-49 years","45-49","2023 ","2023","Female","F","White","2106-3",590,370475,159.3
,"45-49 years","45-49","2023 ","2023","Male","M","Black or African American","2054-5",276,67305,410.1
,"45-49 years","45-49","2023 ","2023","Male","M","White","2106-3",874,402954,216.9
,"50-54 years","50-54","2018","2018","Female","F","Black or African American","2054-5",393,77898,504.5
,"50-54 years","50-54","2018","2018","Female","F","White","2106-3",1296,501124,258.6
,"50-54 years","50-54","2018","2018","Male","M","Black or African American","2054-5",527,76724,686.9
,"50-54 years","50-54","2018","2018","Male","M","White","2106-3",1951,515351,378.6
,"50-54 years","50-54","2019","2019","Female","F","Black or African American","2054-5",353,75424,468.0
,"50-54 years","50-54","2019","2019","Female","F","White","2106-3",1225,479706,255.4
,"50-54 years","50-54","2019","2019","Male","M","Black or African American","2054-5",488,74455,655.4
,"50-54 years","50-54","2019","2019","Male","M","White","2106-3",1875,494222,379.4
,"50-54 years","50-54","2020","2020","Female","F","Black or African American","2054-5",423,73924,572.2
,"50-54 years","50-54","2020","2020","Female","F","White","2106-3",1291,467492,276.2
,"50-54 years","50-54","2020","2020","Male","M","Black or African American","2054-5",576,73367,785.1
,"50-54 years","50-54","2020","2020","Male","M","White","2106-3",1993,483552,412.2
,"50-54 years","50-54","2021","2021","Female","F","Black or African American","2054-5",395,72679,543.5
,"50-54 years","50-54","2021","2021","Female","F","White","2106-3",1230,456901,269.2
,"50-54 years","50-54","2021","2021","Male","M","Black or African American","2054-5",574,74148,774.1
,"50-54 years","50-54","2021","2021","Male","M","White","2106-3",1945,486525,399.8
,"50-54 years","50-54","2022","2022","Female","F","Black or African American","2054-5",360,70273,512.3
,"50-54 years","50-54","2022","2022","Female","F","White","2106-3",1129,435083,259.5
,"50-54 years","50-54","2022","2022","Male","M","Black or African American","2054-5",498,72839,683.7
,"50-54 years","50-54","2022","2022","Male","M","White","2106-3",1824,470338,387.8
,"50-54 years","50-54","2023 ","2023","Female","F","Black or African American","2054-5",319,69071,461.8
,"50-54 years","50-54","2023 ","2023","Female","F","White","2106-3",1054,419792,251.1
,"50-54 years","50-54","2023 ","2023","Male","M","Black or African American","2054-5",441,70909,621.9
,"50-54 years","50-54","2023 ","2023","Male","M","White","2106-3",1630,449933,362.3
,"55-59 years","55-59","2018","2018","Female","F","Black or African American","2054-5",644,82433,781.2
,"55-59 years","55-59","2018","2018","Female","F","White","2106-3",2439,583536,418.0
,"55-59 years","55-59","2018","2018","Male","M","Black or African American","2054-5",888,78690,1128.5
,"55-59 years","55-59","2018","2018","Male","M","White","2106-3",3929,588269,667.9
,"55-59 years","55-59","2019","2019","Female","F","Black or African American","2054-5",595,81751,727.8
,"55-59 years","55-59","2019","2019","Female","F","White","2106-3",2372,567358,418.1
,"55-59 years","55-59","2019","2019","Male","M","Black or African American","2054-5",880,78215,1125.1
,"55-59 years","55-59","2019","2019","Male","M","White","2106-3",3704,572604,646.9
,"55-59 years","55-59","2020","2020","Female","F","Black or African American","2054-5",646,80138,806.1
,"55-59 years","55-59","2020","2020","Female","F","White","2106-3",2320,543352,427.0
,"55-59 years","55-59","2020","2020","Male","M","Black or African American","2054-5",962,76487,1257.7
,"55-59 years","55-59","2020","2020","Male","M","White","2106-3",3807,548968,693.5
,"55-59 years","55-59","2021","2021","Female","F","Black or African American","2054-5",610,78055,781.5
,"55-59 years","55-59","2021","2021","Female","F","White","2106-3",2133,512961,415.8
,"55-59 years","55-59","2021","2021","Male","M","Black or African American","2054-5",911,76321,1193.6
,"55-59 years","55-59","2021","2021","Male","M","White","2106-3",3786,531753,712.0
,"55-59 years","55-59","2022","2022","Female","F","Black or African American","2054-5",566,74724,757.5
,"55-59 years","55-59","2022","2022","Female","F","White","2106-3",2028,478237,424.1
,"55-59 years","55-59","2022","2022","Male","M","Black or African American","2054-5",790,73770,1070.9
,"55-59 years","55-59","2022","2022","Male","M","White","2106-3",3248,501634,647.5
,"55-59 years","55-59","2023 ","2023","Female","F","Black or African American","2054-5",530,73287,723.2
,"55-59 years","55-59","2023 ","2023","Female","F","White","2106-3",1907,457712,416.6
,"55-59 years","55-59","2023 ","2023","Male","M","Black or African American","2054-5",725,72044,1006.3
,"55-59 years","55-59","2023 ","2023","Male","M","White","2106-3",2933,477648,614.1
,"60-64 years ","60-64","2018","2018","Female","F","Black or African American","2054-5",855,71477,1196.2
,"60-64 years ","60-64","2018","2018","Female","F","White","2106-3",3657,576401,634.5
,"60-64 years ","60-64","2018","2018","Male","M","Black or African American","2054-5",1236,65096,1898.7
,"60-64 years ","60-64","2018","2018","Male","M","White","2106-3",5901,562307,1049.4
,"60-64 years ","60-64","2019","2019","Female","F","Black or African American","2054-5",889,73206,1214.4
,"60-64 years ","60-64","2019","2019","Female","F","White","2106-3",3691,568109,649.7
,"60-64 years ","60-64","2019","2019","Male","M","Black or African American","2054-5",1180,66845,1765.3
,"60-64 years ","60-64","2019","2019","Male","M","White","2106-3",5844,557447,1048.4
,"60-64 years ","60-64","2020","2020","Female","F","Black or African American","2054-5",995,74776,1330.6
,"60-64 years ","60-64","2020","2020","Female","F","White","2106-3",3741,560394,667.6
,"60-64 years ","60-64","2020","2020","Male","M","Black or African American","2054-5",1337,68519,1951.3
,"60-64 years ","60-64","2020","2020","Male","M","White","2106-3",6142,552946,1110.8
,"60-64 years ","60-64","2021","2021","Female","F","Black or African American","2054-5",969,75173,1289.0
,"60-64 years ","60-64","2021","2021","Female","F","White","2106-3",3704,547511,676.5
,"60-64 years ","60-64","2021","2021","Male","M","Black or African American","2054-5",1311,70837,1850.7
,"60-64 years ","60-64","2021","2021","Male","M","White","2106-3",5975,556699,1073.3
,"60-64 years ","60-64","2022","2022","Female","F","Black or African American","2054-5",923,74167,1244.5
,"60-64 years ","60-64","2022","2022","Female","F","White","2106-3",3596,528757,680.1
,"60-64 years ","60-64","2022","2022","Male","M","Black or African American","2054-5",1225,70661,1733.6
,"60-64 years ","60-64","2022","2022","Male","M","White","2106-3",5718,540668,1057.6
,"60-64 years ","60-64","2023 ","2023","Female","F","Black or African American","2054-5",800,75002,1066.6
,"60-64 years ","60-64","2023 ","2023","Female","F","White","2106-3",3439,520481,660.7
,"60-64 years ","60-64","2023 ","2023","Male","M","Black or African American","2054-5",1162,70981,1637.1
,"60-64 years ","60-64","2023 ","2023","Male","M","White","2106-3",5470,529166,1033.7
,"65-69 years","65-69","2018","2018","Female","F","Black or African American","2054-5",972,56516,1719.9
,"65-69 years","65-69","2018","2018","Female","F","White","2106-3",4965,515570,963.0
,"65-69 years","65-69","2018","2018","Male","M","Black or African American","2054-5",1294,46620,2775.6
,"65-69 years","65-69","2018","2018","Male","M","White","2106-3",7458,479815,1554.3
,"65-69 years","65-69","2019","2019","Female","F","Black or African American","2054-5",967,57616,1678.4
,"65-69 years","65-69","2019","2019","Female","F","White","2106-3",4843,518445,934.1
,"65-69 years","65-69","2019","2019","Male","M","Black or African American","2054-5",1297,47970,2703.8
,"65-69 years","65-69","2019","2019","Male","M","White","2106-3",7313,482862,1514.5
,"65-69 years","65-69","2020","2020","Female","F","Black or African American","2054-5",1053,58878,1788.4
,"65-69 years","65-69","2020","2020","Female","F","White","2106-3",5125,517057,991.2
,"65-69 years","65-69","2020","2020","Male","M","Black or African American","2054-5",1424,49211,2893.7
,"65-69 years","65-69","2020","2020","Male","M","White","2106-3",7771,481509,1613.9
,"65-69 years","65-69","2021","2021","Female","F","Black or African American","2054-5",1052,59783,1759.7
,"65-69 years","65-69","2021","2021","Female","F","White","2106-3",4914,510795,962.0
,"65-69 years","65-69","2021","2021","Male","M","Black or African American","2054-5",1426,51832,2751.2
,"65-69 years","65-69","2021","2021","Male","M","White","2106-3",7613,488635,1558.0
,"65-69 years","65-69","2022","2022","Female","F","Black or African American","2054-5",1109,60721,1826.4
,"65-69 years","65-69","2022","2022","Female","F","White","2106-3",5092,502753,1012.8
,"65-69 years","65-69","2022","2022","Male","M","Black or African American","2054-5",1535,53157,2887.7
,"65-69 years","65-69","2022","2022","Male","M","White","2106-3",7659,484121,1582.0
,"65-69 years","65-69","2023 ","2023","Female","F","Black or African American","2054-5",1058,63411,1668.5
,"65-69 years","65-69","2023 ","2023","Female","F","White","2106-3",4862,506150,960.6
,"65-69 years","65-69","2023 ","2023","Male","M","Black or African American","2054-5",1431,55933,2558.4
,"65-69 years","65-69","2023 ","2023","Male","M","White","2106-3",7589,490213,1548.1
,"70-74 years","70-74","2018","2018","Female","F","Black or African American","2054-5",942,41207,2286.0
,"70-74 years","70-74","2018","2018","Female","F","White","2106-3",6691,434757,1539.0
,"70-74 years","70-74","2018","2018","Male","M","Black or African American","2054-5",1180,31382,3760.1
,"70-74 years","70-74","2018","2018","Male","M","White","2106-3",8868,391282,2266.4
,"70-74 years","70-74","2019","2019","Female","F","Black or African American","2054-5",930,43278,2148.9
,"70-74 years","70-74","2019","2019","Female","F","White","2106-3",6698,448627,1493.0
,"70-74 years","70-74","2019","2019","Male","M","Black or African American","2054-5",1208,32955,3665.6
,"70-74 years","70-74","2019","2019","Male","M","White","2106-3",8955,403796,2217.7
,"70-74 years","70-74","2020","2020","Female","F","Black or African American","2054-5",1115,45767,2436.3
,"70-74 years","70-74","2020","2020","Female","F","White","2106-3",6975,457209,1525.6
,"70-74 years","70-74","2020","2020","Male","M","Black or African American","2054-5",1351,35042,3855.4
,"70-74 years","70-74","2020","2020","Male","M","White","2106-3",9599,410344,2339.3
,"70-74 years","70-74","2021","2021","Female","F","Black or African American","2054-5",1133,47232,2398.8
,"70-74 years","70-74","2021","2021","Female","F","White","2106-3",7230,460629,1569.6
,"70-74 years","70-74","2021","2021","Male","M","Black or African American","2054-5",1376,36666,3752.8
,"70-74 years","70-74","2021","2021","Male","M","White","2106-3",9567,419373,2281.3
,"70-74 years","70-74","2022","2022","Female","F","Black or African American","2054-5",1189,47541,2501.0
,"70-74 years","70-74","2022","2022","Female","F","White","2106-3",6971,447131,1559.1
,"70-74 years","70-74","2022","2022","Male","M","Black or African American","2054-5",1429,36621,3902.1
,"70-74 years","70-74","2022","2022","Male","M","White","2106-3",9574,404568,2366.5
,"70-74 years","70-74","2023 ","2023","Female","F","Black or African American","2054-5",1214,48957,2479.7
,"70-74 years","70-74","2023 ","2023","Female","F","White","2106-3",6972,451060,1545.7
,"70-74 years","70-74","2023 ","2023","Male","M","Black or African American","2054-5",1463,38153,3834.6
,"70-74 years","70-74","2023 ","2023","Male","M","White","2106-3",9224,409137,2254.5
,"75-79 years","75-79","2018","2018","Female","F","Black or African American","2054-5",1047,30185,3468.6
,"75-79 years","75-79","2018","2018","Female","F","White","2106-3",7982,307201,2598.3
,"75-79 years","75-79","2018","2018","Male","M","Black or African American","2054-5",1055,21230,4969.4
,"75-79 years","75-79","2018","2018","Male","M","White","2106-3",9470,260031,3641.9
,"75-79 years","75-79","2019","2019","Female","F","Black or African American","2054-5",1002,31142,3217.5
,"75-79 years","75-79","2019","2019","Female","F","White","2106-3",8027,319332,2513.7
,"75-79 years","75-79","2019","2019","Male","M","Black or African American","2054-5",1101,21595,5098.4
,"75-79 years","75-79","2019","2019","Male","M","White","2106-3",9708,270398,3590.3
,"75-79 years","75-79","2020","2020","Female","F","Black or African American","2054-5",1142,31343,3643.6
,"75-79 years","75-79","2020","2020","Female","F","White","2106-3",8514,328931,2588.4
,"75-79 years","75-79","2020","2020","Male","M","Black or African American","2054-5",1143,21844,5232.6
,"75-79 years","75-79","2020","2020","Male","M","White","2106-3",10354,278575,3716.8
,"75-79 years","75-79","2021","2021","Female","F","Black or African American","2054-5",1079,30363,3553.7
,"75-79 years","75-79","2021","2021","Female","F","White","2106-3",8415,321057,2621.0
,"75-79 years","75-79","2021","2021","Male","M","Black or African American","2054-5",1147,21403,5359.1
,"75-79 years","75-79","2021","2021","Male","M","White","2106-3",10350,275888,3751.5
,"75-79 years","75-79","2022","2022","Female","F","Black or African American","2054-5",1211,32223,3758.2
,"75-79 years","75-79","2022","2022","Female","F","White","2106-3",9343,353017,2646.6
,"75-79 years","75-79","2022","2022","Male","M","Black or African American","2054-5",1227,22825,5375.7
,"75-79 years","75-79","2022","2022","Male","M","White","2106-3",11181,303369,3685.6
,"75-79 years","75-79","2023 ","2023","Female","F","Black or African American","2054-5",1161,34066,3408.1
,"75-79 years","75-79","2023 ","2023","Female","F","White","2106-3",9236,365375,2527.8
,"75-79 years","75-79","2023 ","2023","Male","M","Black or African American","2054-5",1224,24175,5063.1
,"75-79 years","75-79","2023 ","2023","Male","M","White","2106-3",11310,316412,3574.5
,"80-84 years","80-84","2018","2018","Female","F","Black or African American","2054-5",1116,20933,5331.3
,"80-84 years","80-84","2018","2018","Female","F","White","2106-3",10106,214457,4712.4
,"80-84 years","80-84","2018","2018","Male","M","Black or African American","2054-5",1099,14064,7814.3
,"80-84 years","80-84","2018","2018","Male","M","White","2106-3",10398,167250,6217.0
,"80-84 years","80-84","2019","2019","Female","F","Black or African American","2054-5",1114,21751,5121.6
,"80-84 years","80-84","2019","2019","Female","F","White","2106-3",10138,218491,4640.0
,"80-84 years","80-84","2019","2019","Male","M","Black or African American","2054-5",1123,14613,7684.9
,"80-84 years","80-84","2019","2019","Male","M","White","2106-3",10435,170909,6105.6
,"80-84 years","80-84","2020","2020","Female","F","Black or African American","2054-5",1216,22277,5458.5
,"80-84 years","80-84","2020","2020","Female","F","White","2106-3",10199,220657,4622.1
,"80-84 years","80-84","2020","2020","Male","M","Black or African American","2054-5",1109,14679,7555.0
,"80-84 years","80-84","2020","2020","Male","M","White","2106-3",10624,172786,6148.6
,"80-84 years","80-84","2021","2021","Female","F","Black or African American","2054-5",1229,21247,5784.3
,"80-84 years","80-84","2021","2021","Female","F","White","2106-3",10118,210838,4798.9
,"80-84 years","80-84","2021","2021","Male","M","Black or African American","2054-5",1052,13789,7629.3
,"80-84 years","80-84","2021","2021","Male","M","White","2106-3",10554,166431,6341.4
,"80-84 years","80-84","2022","2022","Female","F","Black or African American","2054-5",1190,22242,5350.2
,"80-84 years","80-84","2022","2022","Female","F","White","2106-3",10825,225809,4793.9
,"80-84 years","80-84","2022","2022","Male","M","Black or African American","2054-5",1069,13973,7650.5
,"80-84 years","80-84","2022","2022","Male","M","White","2106-3",11445,175635,6516.4
,"80-84 years","80-84","2023 ","2023","Female","F","Black or African American","2054-5",1236,22599,5469.3
,"80-84 years","80-84","2023 ","2023","Female","F","White","2106-3",11013,235302,4680.4
,"80-84 years","80-84","2023 ","2023","Male","M","Black or African American","2054-5",1060,14244,7441.7
,"80-84 years","80-84","2023 ","2023","Male","M","White","2106-3",11368,186275,6102.8
,"85-89 years","85-89","2018","2018","Female","F","Black or African American","2054-5",1024,Not Applicable,Not Applicable
,"85-89 years","85-89","2018","2018","Female","F","White","2106-3",12857,Not Applicable,Not Applicable
,"85-89 years","85-89","2018","2018","Male","M","Black or African American","2054-5",783,Not Applicable,Not Applicable
,"85-89 years","85-89","2018","2018","Male","M","White","2106-3",11452,Not Applicable,Not Applicable
,"85-89 years","85-89","2019","2019","Female","F","Black or African American","2054-5",1048,Not Applicable,Not Applicable
,"85-89 years","85-89","2019","2019","Female","F","White","2106-3",12563,Not Applicable,Not Applicable
,"85-89 years","85-89","2019","2019","Male","M","Black or African American","2054-5",840,Not Applicable,Not Applicable
,"85-89 years","85-89","2019","2019","Male","M","White","2106-3",11226,Not Applicable,Not Applicable
,"85-89 years","85-89","2020","2020","Female","F","Black or African American","2054-5",1182,Not Applicable,Not Applicable
,"85-89 years","85-89","2020","2020","Female","F","White","2106-3",12477,Not Applicable,Not Applicable
,"85-89 years","85-89","2020","2020","Male","M","Black or African American","2054-5",847,Not Applicable,Not Applicable
,"85-89 years","85-89","2020","2020","Male","M","White","2106-3",11238,Not Applicable,Not Applicable
,"85-89 years","85-89","2021","2021","Female","F","Black or African American","2054-5",1108,Not Applicable,Not Applicable
,"85-89 years","85-89","2021","2021","Female","F","White","2106-3",11958,Not Applicable,Not Applicable
,"85-89 years","85-89","2021","2021","Male","M","Black or African American","2054-5",879,Not Applicable,Not Applicable
,"85-89 years","85-89","2021","2021","Male","M","White","2106-3",10745,Not Applicable,Not Applicable
,"85-89 years","85-89","2022","2022","Female","F","Black or African American","2054-5",1218,Not Applicable,Not Applicable
,"85-89 years","85-89","2022","2022","Female","F","White","2106-3",12537,Not Applicable,Not Applicable
,"85-89 years","85-89","2022","2022","Male","M","Black or African American","2054-5",930,Not Applicable,Not Applicable
,"85-89 years","85-89","2022","2022","Male","M","White","2106-3",11079,Not Applicable,Not Applicable
,"85-89 years","85-89","2023 ","2023","Female","F","Black or African American","2054-5",1172,Not Applicable,Not Applicable
,"85-89 years","85-89","2023 ","2023","Female","F","White","2106-3",12081,Not Applicable,Not Applicable
,"85-89 years","85-89","2023 ","2023","Male","M","Black or African American","2054-5",879,Not Applicable,Not Applicable
,"85-89 years","85-89","2023 ","2023","Male","M","White","2106-3",11013,Not Applicable,Not Applicable
,"90-94 years","90-94","2018","2018","Female","F","Black or African American","2054-5",830,Not Applicable,Not Applicable
,"90-94 years","90-94","2018","2018","Female","F","White","2106-3",13849,Not Applicable,Not Applicable
,"90-94 years","90-94","2018","2018","Male","M","Black or African American","2054-5",464,Not Applicable,Not Applicable
,"90-94 years","90-94","2018","2018","Male","M","White","2106-3",8674,Not Applicable,Not Applicable
,"90-94 years","90-94","2019","2019","Female","F","Black or African American","2054-5",840,Not Applicable,Not Applicable
,"90-94 years","90-94","2019","2019","Female","F","White","2106-3",13327,Not Applicable,Not Applicable
,"90-94 years","90-94","2019","2019","Male","M","Black or African American","2054-5",446,Not Applicable,Not Applicable
,"90-94 years","90-94","2019","2019","Male","M","White","2106-3",8763,Not Applicable,Not Applicable
,"90-94 years","90-94","2020","2020","Female","F","Black or African American","2054-5",930,Not Applicable,Not Applicable
,"90-94 years","90-94","2020","2020","Female","F","White","2106-3",12936,Not Applicable,Not Applicable
,"90-94 years","90-94","2020","2020","Male","M","Black or African American","2054-5",511,Not Applicable,Not Applicable
,"90-94 years","90-94","2020","2020","Male","M","White","2106-3",8819,Not Applicable,Not Applicable
,"90-94 years","90-94","2021","2021","Female","F","Black or African American","2054-5",911,Not Applicable,Not Applicable
,"90-94 years","90-94","2021","2021","Female","F","White","2106-3",12358,Not Applicable,Not Applicable
,"90-94 years","90-94","2021","2021","Male","M","Black or African American","2054-5",441,Not Applicable,Not Applicable
,"90-94 years","90-94","2021","2021","Male","M","White","2106-3",8651,Not Applicable,Not Applicable
,"90-94 years","90-94","2022","2022","Female","F","Black or African American","2054-5",869,Not Applicable,Not Applicable
,"90-94 years","90-94","2022","2022","Female","F","White","2106-3",12529,Not Applicable,Not Applicable
,"90-94 years","90-94","2022","2022","Male","M","Black or African American","2054-5",512,Not Applicable,Not Applicable
,"90-94 years","90-94","2022","2022","Male","M","White","2106-3",8783,Not Applicable,Not Applicable
,"90-94 years","90-94","2023 ","2023","Female","F","Black or African American","2054-5",839,Not Applicable,Not Applicable
,"90-94 years","90-94","2023 ","2023","Female","F","White","2106-3",11941,Not Applicable,Not Applicable
,"90-94 years","90-94","2023 ","2023","Male","M","Black or African American","2054-5",483,Not Applicable,Not Applicable
,"90-94 years","90-94","2023 ","2023","Male","M","White","2106-3",8564,Not Applicable,Not Applicable
,"95-99 years","95-99","2018","2018","Female","F","Black or African American","2054-5",443,Not Applicable,Not Applicable
,"95-99 years","95-99","2018","2018","Female","F","White","2106-3",7832,Not Applicable,Not Applicable
,"95-99 years","95-99","2018","2018","Male","M","Black or African American","2054-5",166,Not Applicable,Not Applicable
,"95-99 years","95-99","2018","2018","Male","M","White","2106-3",3694,Not Applicable,Not Applicable
,"95-99 years","95-99","2019","2019","Female","F","Black or African American","2054-5",448,Not Applicable,Not Applicable
,"95-99 years","95-99","2019","2019","Female","F","White","2106-3",7903,Not Applicable,Not Applicable
,"95-99 years","95-99","2019","2019","Male","M","Black or African American","2054-5",173,Not Applicable,Not Applicable
,"95-99 years","95-99","2019","2019","Male","M","White","2106-3",3693,Not Applicable,Not Applicable
,"95-99 years","95-99","2020","2020","Female","F","Black or African American","2054-5",515,Not Applicable,Not Applicable
,"95-99 years","95-99","2020","2020","Female","F","White","2106-3",8008,Not Applicable,Not Applicable
,"95-99 years","95-99","2020","2020","Male","M","Black or African American","2054-5",203,Not Applicable,Not Applicable
,"95-99 years","95-99","2020","2020","Male","M","White","2106-3",3839,Not Applicable,Not Applicable
,"95-99 years","95-99","2021","2021","Female","F","Black or African American","2054-5",473,Not Applicable,Not Applicable
,"95-99 years","95-99","2021","2021","Female","F","White","2106-3",7798,Not Applicable,Not Applicable
,"95-99 years","95-99","2021","2021","Male","M","Black or African American","2054-5",150,Not Applicable,Not Applicable
,"95-99 years","95-99","2021","2021","Male","M","White","2106-3",3535,Not Applicable,Not Applicable
,"95-99 years","95-99","2022","2022","Female","F","Black or African American","2054-5",495,Not Applicable,Not Applicable
,"95-99 years","95-99","2022","2022","Female","F","White","2106-3",7977,Not Applicable,Not Applicable
,"95-99 years","95-99","2022","2022","Male","M","Black or African American","2054-5",203,Not Applicable,Not Applicable
,"95-99 years","95-99","2022","2022","Male","M","White","2106-3",3721,Not Applicable,Not Applicable
,"95-99 years","95-99","2023 ","2023","Female","F","Black or African American","2054-5",461,Not Applicable,Not Applicable
,"95-99 years","95-99","2023 ","2023","Female","F","White","2106-3",7597,Not Applicable,Not Applicable
,"95-99 years","95-99","2023 ","2023","Male","M","Black or African American","2054-5",158,Not Applicable,Not Applicable
,"95-99 years","95-99","2023 ","2023","Male","M","White","2106-3",3435,Not Applicable,Not Applicable
,"100+ years","100+","2018","2018","Female","F","Black or African American","2054-5",165,Not Applicable,Not Applicable
,"100+ years","100+","2018","2018","Female","F","White","2106-3",1904,Not Applicable,Not Applicable
,"100+ years","100+","2018","2018","Male","M","Black or African American","2054-5",29,Not Applicable,Not Applicable
,"100+ years","100+","2018","2018","Male","M","White","2106-3",517,Not Applicable,Not Applicable
,"100+ years","100+","2019","2019","Female","F","Black or African American","2054-5",144,Not Applicable,Not Applicable
,"100+ years","100+","2019","2019","Female","F","White","2106-3",1911,Not Applicable,Not Applicable
,"100+ years","100+","2019","2019","Male","M","Black or African American","2054-5",32,Not Applicable,Not Applicable
,"100+ years","100+","2019","2019","Male","M","White","2106-3",593,Not Applicable,Not Applicable
,"100+ years","100+","2020","2020","Female","F","Black or African American","2054-5",167,Not Applicable,Not Applicable
,"100+ years","100+","2020","2020","Female","F","White","2106-3",2000,Not Applicable,Not Applicable
,"100+ years","100+","2020","2020","Male","M","Black or African American","2054-5",42,Not Applicable,Not Applicable
,"100+ years","100+","2020","2020","Male","M","White","2106-3",617,Not Applicable,Not Applicable
,"100+ years","100+","2021","2021","Female","F","Black or African American","2054-5",141,Not Applicable,Not Applicable
,"100+ years","100+","2021","2021","Female","F","White","2106-3",2108,Not Applicable,Not Applicable
,"100+ years","100+","2021","2021","Male","M","Black or African American","2054-5",36,Not Applicable,Not Applicable
,"100+ years","100+","2021","2021","Male","M","White","2106-3",634,Not Applicable,Not Applicable
,"100+ years","100+","2022","2022","Female","F","Black or African American","2054-5",179,Not Applicable,Not Applicable
,"100+ years","100+","2022","2022","Female","F","White","2106-3",2308,Not Applicable,Not Applicable
,"100+ years","100+","2022","2022","Male","M","Black or African American","2054-5",46,Not Applicable,Not Applicable
,"100+ years","100+","2022","2022","Male","M","White","2106-3",650,Not Applicable,Not Applicable
,"100+ years","100+","2023 ","2023","Female","F","Black or African American","2054-5",173,Not Applicable,Not Applicable
,"100+ years","100+","2023 ","2023","Female","F","White","2106-3",2147,Not Applicable,Not Applicable
,"100+ years","100+","2023 ","2023","Male","M","Black or African American","2054-5",32,Not Applicable,Not Applicable
,"100+ years","100+","2023 ","2023","Male","M","White","2106-3",673,Not Applicable,Not Applicable
"---"
"Dataset: Multiple Cause of Death, 2018-2023, Single Race"
"Query Parameters:"
"Hispanic Origin: Not Hispanic or Latino"
"Single Race 6: Black or African American; White"
"States: California (06)"
"UCD - ICD-10 Codes: A00-B99 (Certain infectious and parasitic diseases); C00-D48 (Neoplasms); D50-D89 (Diseases of the blood and"
"blood-forming organs and certain disorders involving the immune mechanism); E00-E88 (Endocrine, nutritional and metabolic"
"diseases); F01-F99 (Mental and behavioural disorders); G00-G98 (Diseases of the nervous system); H00-H57 (Diseases of the eye"
"and adnexa); H60-H93 (Diseases of the ear and mastoid process); I00-I99 (Diseases of the circulatory system); J00-J98 (Diseases"
"of the respiratory system); K00-K92 (Diseases of the digestive system); L00-L98 (Diseases of the skin and subcutaneous tissue);"
"M00-M99 (Diseases of the musculoskeletal system and connective tissue); N00-N98 (Diseases of the genitourinary system); O00-O99"
"(Pregnancy, childbirth and the puerperium); P00-P96 (Certain conditions originating in the perinatal period); Q00-Q99"
"(Congenital malformations, deformations and chromosomal abnormalities); R00-R99 (Symptoms, signs and abnormal clinical and"
"laboratory findings, not elsewhere classified)"
"Group By: Five-Year Age Groups; Year; Sex; Single Race 6"
"Show Totals: Disabled"
"Show Zero Values: False"
"Show Suppressed: False"
"Calculate Rates Per: 100,000"
"Rate Options: Default intercensal populations for years 2001-2009 (except Infant Age Groups)"
"---"
"Help: See http://wonder.cdc.gov/wonder/help/mcd-expanded.html for more information."
"---"
"Query Date: Jan 28, 2026 8:16:54 PM"
"---"
"Suggested Citation: Centers for Disease Control and Prevention, National Center for Health Statistics. National Vital Statistics"
"System, Mortality 2018-2023 on CDC WONDER Online Database, released in 2024. Data are from the Multiple Cause of Death Files,"
"2018-2023, as compiled from data provided by the 57 vital statistics jurisdictions through the Vital Statistics Cooperative"
"Program. Accessed at http://wonder.cdc.gov/mcd-icd10-expanded.html on Jan 28, 2026 8:16:54 PM"
"---"
Messages:
"1. Totals are not available for these results due to suppression constraints. More Information:"
"http://wonder.cdc.gov/wonder/help/faq.html#Privacy."
"2. Rows with zero Deaths are hidden. Use Quick Options above to show zero rows."
"3. Rows with suppressed Deaths are hidden. Use Quick Options above to show suppressed rows."
"---"
Caveats:
"1. Population and rates are labeled 'Not Applicable' when they include a subset of ages 85-100+ because populations are not"
"available for those ages. More information: http://wonder.cdc.gov/wonder/help/mcd-expanded.html#Ages 85-100."
"2. Data are Suppressed when the data meet the criteria for confidentiality constraints. More information:"
"http://wonder.cdc.gov/wonder/help/mcd-expanded.html#Assurance of Confidentiality."
"3. Death rates are flagged as Unreliable when the rate is calculated with a numerator of 20 or less. More information:"
"http://wonder.cdc.gov/wonder/help/mcd-expanded.html#Unreliable."
"4. Deaths of persons with Age ""Not Stated"" are included in ""All"" counts and rates, but are not distributed among age groups,"
"so are not included in age-specific counts, age-specific rates or in any age-adjusted rates. More information:"
"http://wonder.cdc.gov/wonder/help/mcd-expanded.html#Not Stated."
"5. Deaths of persons with Hispanic origin ""Not Stated"" are included in ""All"" counts and rates, but are not distributed among"
"Hispanic Origin groups, so are not included in the Hispanic Origin specific counts and rates. More information:"
"http://wonder.cdc.gov/wonder/help/mcd-expanded.html#Not Stated."
"6. Information included on the death certificate about the race and Hispanic ethnicity of the decedent is reported by the"
"funeral director as provided by an informant, often the surviving next of kin, or, in the absence of an informant, on the basis"
"of observation. Race and ethnicity information from the census is by self-report. To the extent that race and Hispanic origin"
"are inconsistent between these two data sources, death rates will be biased. More information:"
"http://wonder.cdc.gov/wonder/help/mcd-expanded.html#Racial Differences."
"7. The population figures for years 2023 are single-race estimates of the July 1 resident population, from the Vintage 2023"
"postcensal series released by the Census Bureau on June 27, 2024. The 2023 series is based on the Modified Blended Base produced"
"by the US Census Bureau in lieu of the April 1, 2020 decennial population count. The Modified Blended Base consists of the blend"
"of Vintage 2020 postcensal population estimates for April 1, 2020, 2020 Demographic Analysis Estimates, and 2020 Census data"
"from the internal Census Edited File (CEF). The population figures for years 2022 are single-race estimates of the July 1"
"resident population, from the Vintage 2022 postcensal series released by the Census Bureau on June 22, 2023. The 2022 series is"
"based on the Modified Blended Base produced by the US Census Bureau in lieu of the April 1, 2020 decennial population count. The"
"Modified Blended Base consists of the blend of Vintage 2020 postcensal population estimates for April 1, 2020, 2020 Demographic"
"Analysis Estimates, and 2020 Census data from the internal Census Edited File (CEF). The population figures for year 2021 are"
"single-race estimates of the July 1 resident population, based on the Blended Base produced by the US Census Bureau in lieu of"
"the April 1, 2020 decennial population count, from the Vintage 2021 postcensal series released by the Census Bureau on June 30,"
"2022. The population figures for year 2020 are single-race estimates of the July 1 resident population, from the Vintage 2020"
"postcensal series based on April 2010 Census, released by the Census Bureau on July 27, 2021. The population figures for year"
"2019 are single-race estimates of the July 1 resident population, from the Vintage 2019 postcensal series based on April 2010"
"Census, released by the Census Bureau on June 25, 2020. The population figures for year 2018 are single-race estimates of the"
"July 1 resident population, from the Vintage 2018 postcensal series based on April 2010 Census, released by the Census Bureau on"
"June 20, 2019. More information: http://wonder.cdc.gov/wonder/help/mcd-expanded.html#Population Data."
"8. The population figures used in the calculation of death rates for the age group 'under 1 year' are the estimates of the"
"resident population that is under one year of age. More information: http://wonder.cdc.gov/wonder/help/mcd-expanded.html#Age"
"Group."
"9. The U.S. - Mexico Border Regions distinguish between counties near the U.S. - Mexico border in the border states of Arizona,"
"California, New Mexico, and Texas, and other areas. To simplify the Border region analysis, two mutually exclusive regions"
"within the United States are available: 1) U.S. - Mexico Border Region (i.e., 44 counties within 100 kilometers (62 miles) of"
"the U.S. - Mexico border), and 2) the U.S. Non-Border Region with the remaining counties of the selected four border states. The"
"Border counties selection was based on the 1983 La Paz Agreement:"
"https://www.epa.gov/sites/production/files/2015-09/documents/lapazagreement.pdf.. (i.e., counties for each state which fall"
"within 100 kilometers of the Border). Statistics are also available by each of the USA border counties along the U.S.-Mexico"
"area."
"10. After the creation of the final 2023 dataset, North Carolina updated the cause of death information for over 900 death"
"certificates to include a cause of death code indicating drug overdose (ICD-10 underlying cause-of-death codes: X40-X44,"
"X60-X64, X85, and Y10-Y14). Jurisdictions can continue to update death certificates after the closing of the mortality file. As"
"a result, users should consider that the actual death count for drug overdose deaths for North Carolina in 2023 is over 4,400"
"deaths, with a crude rate of approximately 41.0 per 100,000 population, and an age-adjusted rate of approximately 42.1 per"
"100,000 population. These deaths will not be updated on the final mortality datasets."