Year,Strata,Strata_Name,Count
1999,Total Population,Total Population,227965
1999,Age,Under 1 year,2787
1999,Age,1-4 years,595
1999,Age,5-14 years,793
1999,Age,15-24 years,3018
1999,Age,25-34 years,4296
1999,Age,35-44 years,9109
1999,Age,45-54 years,15907
1999,Age,55-64 years,22454
1999,Age,65-74 years,41620
1999,Age,75-84 years,66388
1999,Age,85 years and over,60926
1999,Gender,Female,114341
1999,Gender,Male,113624
2000,Total Population,Total Population,228281
2000,Age,Under 1 year,2884
2000,Age,1-4 years,572
2000,Age,5-14 years,830
2000,Age,15-24 years,3036
2000,Age,25-34 years,4131
2000,Age,35-44 years,9168
2000,Age,45-54 years,16284
2000,Age,55-64 years,22740
2000,Age,65-74 years,40001
2000,Age,75-84 years,66557
2000,Age,85 years and over,61970
2000,Gender,Female,114276
2000,Gender,Male,114005
2000,Gender * Race-Ethnicity,Female * American Indian/Alaskan Native,449
2000,Gender * Race-Ethnicity,Female * Asian,6415
2000,Gender * Race-Ethnicity,Female * Black,8418
2000,Gender * Race-Ethnicity,Female * Hawaiian/Pacific Islander,216
2000,Gender * Race-Ethnicity,Female * Hispanic,12555
2000,Gender * Race-Ethnicity,Female * Multi-Race,194
2000,Gender * Race-Ethnicity,Female * White,85974
2000,Gender * Race-Ethnicity,Female * Other/Unknown,55
2000,Gender * Race-Ethnicity,Male * American Indian/Alaskan Native,443
2000,Gender * Race-Ethnicity,Male * Asian,7610
2000,Gender * Race-Ethnicity,Male * Black,9064
2000,Gender * Race-Ethnicity,Male * Hawaiian/Pacific Islander,311
2000,Gender * Race-Ethnicity,Male * Hispanic,16002
2000,Gender * Race-Ethnicity,Male * Multi-Race,228
2000,Gender * Race-Ethnicity,Male * White,80254
2000,Gender * Race-Ethnicity,Male * Other/Unknown,93
2000,Race-Ethnicity,American Indian/Alaskan Native,892
2000,Race-Ethnicity,Asian,14025
2000,Race-Ethnicity,Black,17482
2000,Race-Ethnicity,Hawaiian/Pacific Islander,527
2000,Race-Ethnicity,Hispanic,28557
2000,Race-Ethnicity,Multi-Race,422
2000,Race-Ethnicity,White,166228
2000,Race-Ethnicity,Other/Unknown,148
2001,Total Population,Total Population,232790
2001,Age,Under 1 year,2815
2001,Age,1-4 years,537
2001,Age,5-14 years,778
2001,Age,15-24 years,3409
2001,Age,25-34 years,4344
2001,Age,35-44 years,9261
2001,Age,45-54 years,17342
2001,Age,55-64 years,23345
2001,Age,65-74 years,39705
2001,Age,75-84 years,67570
2001,Age,85 years and over,63579
2001,Gender,Female,116790
2001,Gender,Male,116000
2001,Gender * Race-Ethnicity,Female * American Indian/Alaskan Native,418
2001,Gender * Race-Ethnicity,Female * Asian,6959
2001,Gender * Race-Ethnicity,Female * Black,8657
2001,Gender * Race-Ethnicity,Female * Hawaiian/Pacific Islander,248
2001,Gender * Race-Ethnicity,Female * Hispanic,13476
2001,Gender * Race-Ethnicity,Female * Multi-Race,172
2001,Gender * Race-Ethnicity,Female * White,86786
2001,Gender * Race-Ethnicity,Female * Other/Unknown,74
2001,Gender * Race-Ethnicity,Male * American Indian/Alaskan Native,470
2001,Gender * Race-Ethnicity,Male * Asian,7886
2001,Gender * Race-Ethnicity,Male * Black,9364
2001,Gender * Race-Ethnicity,Male * Hawaiian/Pacific Islander,313
2001,Gender * Race-Ethnicity,Male * Hispanic,16889
2001,Gender * Race-Ethnicity,Male * Multi-Race,197
2001,Gender * Race-Ethnicity,Male * White,80762
2001,Gender * Race-Ethnicity,Male * Other/Unknown,119
2001,Race-Ethnicity,American Indian/Alaskan Native,888
2001,Race-Ethnicity,Asian,14845
2001,Race-Ethnicity,Black,18021
2001,Race-Ethnicity,Hawaiian/Pacific Islander,561
2001,Race-Ethnicity,Hispanic,30365
2001,Race-Ethnicity,Multi-Race,369
2001,Race-Ethnicity,White,167548
2001,Race-Ethnicity,Other/Unknown,193
2002,Total Population,Total Population,233246
2002,Age,Under 1 year,2875
2002,Age,1-4 years,526
2002,Age,5-14 years,790
2002,Age,15-24 years,3452
2002,Age,25-34 years,4302
2002,Age,35-44 years,9209
2002,Age,45-54 years,17344
2002,Age,55-64 years,24135
2002,Age,65-74 years,38849
2002,Age,75-84 years,67472
2002,Age,85 years and over,64222
2002,Gender,Female,116478
2002,Gender,Male,116768
2002,Gender * Race-Ethnicity,Female * American Indian/Alaskan Native,409
2002,Gender * Race-Ethnicity,Female * Asian,7168
2002,Gender * Race-Ethnicity,Female * Black,8834
2002,Gender * Race-Ethnicity,Female * Hawaiian/Pacific Islander,261
2002,Gender * Race-Ethnicity,Female * Hispanic,13597
2002,Gender * Race-Ethnicity,Female * Multi-Race,185
2002,Gender * Race-Ethnicity,Female * White,85970
2002,Gender * Race-Ethnicity,Female * Other/Unknown,54
2002,Gender * Race-Ethnicity,Male * American Indian/Alaskan Native,483
2002,Gender * Race-Ethnicity,Male * Asian,8024
2002,Gender * Race-Ethnicity,Male * Black,9568
2002,Gender * Race-Ethnicity,Male * Hawaiian/Pacific Islander,308
2002,Gender * Race-Ethnicity,Male * Hispanic,17361
2002,Gender * Race-Ethnicity,Male * Multi-Race,223
2002,Gender * Race-Ethnicity,Male * White,80690
2002,Gender * Race-Ethnicity,Male * Other/Unknown,111
2002,Race-Ethnicity,American Indian/Alaskan Native,892
2002,Race-Ethnicity,Asian,15192
2002,Race-Ethnicity,Black,18402
2002,Race-Ethnicity,Hawaiian/Pacific Islander,569
2002,Race-Ethnicity,Hispanic,30958
2002,Race-Ethnicity,Multi-Race,408
2002,Race-Ethnicity,White,166660
2002,Race-Ethnicity,Other/Unknown,165
2003,Total Population,Total Population,239325
2003,Age,Under 1 year,2819
2003,Age,1-4 years,558
2003,Age,5-14 years,839
2003,Age,15-24 years,3682
2003,Age,25-34 years,4399
2003,Age,35-44 years,9423
2003,Age,45-54 years,18555
2003,Age,55-64 years,25293
2003,Age,65-74 years,38400
2003,Age,75-84 years,68278
2003,Age,85 years and over,66997
2003,Gender,Female,119164
2003,Gender,Male,120161
2003,Gender * Race-Ethnicity,Female * American Indian/Alaskan Native,453
2003,Gender * Race-Ethnicity,Female * Asian,7516
2003,Gender * Race-Ethnicity,Female * Black,8911
2003,Gender * Race-Ethnicity,Female * Hawaiian/Pacific Islander,278
2003,Gender * Race-Ethnicity,Female * Hispanic,14639
2003,Gender * Race-Ethnicity,Female * Multi-Race,430
2003,Gender * Race-Ethnicity,Female * White,86836
2003,Gender * Race-Ethnicity,Female * Other/Unknown,101
2003,Gender * Race-Ethnicity,Male * American Indian/Alaskan Native,518
2003,Gender * Race-Ethnicity,Male * Asian,8341
2003,Gender * Race-Ethnicity,Male * Black,9646
2003,Gender * Race-Ethnicity,Male * Hawaiian/Pacific Islander,343
2003,Gender * Race-Ethnicity,Male * Hispanic,18777
2003,Gender * Race-Ethnicity,Male * Multi-Race,515
2003,Gender * Race-Ethnicity,Male * White,81842
2003,Gender * Race-Ethnicity,Male * Other/Unknown,179
2003,Race-Ethnicity,American Indian/Alaskan Native,971
2003,Race-Ethnicity,Asian,15857
2003,Race-Ethnicity,Black,18557
2003,Race-Ethnicity,Hawaiian/Pacific Islander,621
2003,Race-Ethnicity,Hispanic,33416
2003,Race-Ethnicity,Multi-Race,945
2003,Race-Ethnicity,White,168678
2003,Race-Ethnicity,Other/Unknown,280
2004,Total Population,Total Population,232464
2004,Age,Under 1 year,2811
2004,Age,1-4 years,524
2004,Age,5-14 years,755
2004,Age,15-24 years,3666
2004,Age,25-34 years,4375
2004,Age,35-44 years,8879
2004,Age,45-54 years,18404
2004,Age,55-64 years,25451
2004,Age,65-74 years,36907
2004,Age,75-84 years,65715
2004,Age,85 years and over,64920
2004,Gender,Female,115530
2004,Gender,Male,116934
2004,Gender * Race-Ethnicity,Female * American Indian/Alaskan Native,484
2004,Gender * Race-Ethnicity,Female * Asian,7537
2004,Gender * Race-Ethnicity,Female * Black,8753
2004,Gender * Race-Ethnicity,Female * Hawaiian/Pacific Islander,264
2004,Gender * Race-Ethnicity,Female * Hispanic,14590
2004,Gender * Race-Ethnicity,Female * Multi-Race,466
2004,Gender * Race-Ethnicity,Female * White,83340
2004,Gender * Race-Ethnicity,Female * Other/Unknown,96
2004,Gender * Race-Ethnicity,Male * American Indian/Alaskan Native,496
2004,Gender * Race-Ethnicity,Male * Asian,8349
2004,Gender * Race-Ethnicity,Male * Black,9536
2004,Gender * Race-Ethnicity,Male * Hawaiian/Pacific Islander,359
2004,Gender * Race-Ethnicity,Male * Hispanic,18786
2004,Gender * Race-Ethnicity,Male * Multi-Race,514
2004,Gender * Race-Ethnicity,Male * White,78743
2004,Gender * Race-Ethnicity,Male * Other/Unknown,151
2004,Race-Ethnicity,American Indian/Alaskan Native,980
2004,Race-Ethnicity,Asian,15886
2004,Race-Ethnicity,Black,18289
2004,Race-Ethnicity,Hawaiian/Pacific Islander,623
2004,Race-Ethnicity,Hispanic,33376
2004,Race-Ethnicity,Multi-Race,980
2004,Race-Ethnicity,White,162083
2004,Race-Ethnicity,Other/Unknown,247
2005,Total Population,Total Population,236220
2005,Age,Under 1 year,2913
2005,Age,1-4 years,557
2005,Age,5-14 years,707
2005,Age,15-24 years,3771
2005,Age,25-34 years,4318
2005,Age,35-44 years,8815
2005,Age,45-54 years,18664
2005,Age,55-64 years,26437
2005,Age,65-74 years,36506
2005,Age,75-84 years,65385
2005,Age,85 years and over,68099
2005,Gender,Female,116992
2005,Gender,Male,119228
2005,Gender * Race-Ethnicity,Female * American Indian/Alaskan Native,464
2005,Gender * Race-Ethnicity,Female * Asian,7978
2005,Gender * Race-Ethnicity,Female * Black,8813
2005,Gender * Race-Ethnicity,Female * Hawaiian/Pacific Islander,277
2005,Gender * Race-Ethnicity,Female * Hispanic,15698
2005,Gender * Race-Ethnicity,Female * Multi-Race,489
2005,Gender * Race-Ethnicity,Female * White,83084
2005,Gender * Race-Ethnicity,Female * Other/Unknown,189
2005,Gender * Race-Ethnicity,Male * American Indian/Alaskan Native,515
2005,Gender * Race-Ethnicity,Male * Asian,8745
2005,Gender * Race-Ethnicity,Male * Black,9788
2005,Gender * Race-Ethnicity,Male * Hawaiian/Pacific Islander,369
2005,Gender * Race-Ethnicity,Male * Hispanic,20239
2005,Gender * Race-Ethnicity,Male * Multi-Race,503
2005,Gender * Race-Ethnicity,Male * White,78792
2005,Gender * Race-Ethnicity,Male * Other/Unknown,277
2005,Race-Ethnicity,American Indian/Alaskan Native,979
2005,Race-Ethnicity,Asian,16723
2005,Race-Ethnicity,Black,18601
2005,Race-Ethnicity,Hawaiian/Pacific Islander,646
2005,Race-Ethnicity,Hispanic,35937
2005,Race-Ethnicity,Multi-Race,992
2005,Race-Ethnicity,White,161876
2005,Race-Ethnicity,Other/Unknown,466
2006,Total Population,Total Population,236452
2006,Age,Under 1 year,2829
2006,Age,1-4 years,508
2006,Age,5-14 years,719
2006,Age,15-24 years,3914
2006,Age,25-34 years,4360
2006,Age,35-44 years,8412
2006,Age,45-54 years,18911
2006,Age,55-64 years,27060
2006,Age,65-74 years,35721
2006,Age,75-84 years,64050
2006,Age,85 years and over,69923
2006,Gender,Female,116871
2006,Gender,Male,119581
2006,Gender * Race-Ethnicity,Female * American Indian/Alaskan Native,452
2006,Gender * Race-Ethnicity,Female * Asian,8312
2006,Gender * Race-Ethnicity,Female * Black,8819
2006,Gender * Race-Ethnicity,Female * Hawaiian/Pacific Islander,298
2006,Gender * Race-Ethnicity,Female * Hispanic,16283
2006,Gender * Race-Ethnicity,Female * Multi-Race,521
2006,Gender * Race-Ethnicity,Female * White,82113
2006,Gender * Race-Ethnicity,Female * Other/Unknown,73
2006,Gender * Race-Ethnicity,Male * American Indian/Alaskan Native,518
2006,Gender * Race-Ethnicity,Male * Asian,8942
2006,Gender * Race-Ethnicity,Male * Black,9572
2006,Gender * Race-Ethnicity,Male * Hawaiian/Pacific Islander,361
2006,Gender * Race-Ethnicity,Male * Hispanic,20564
2006,Gender * Race-Ethnicity,Male * Multi-Race,605
2006,Gender * Race-Ethnicity,Male * White,78886
2006,Gender * Race-Ethnicity,Male * Other/Unknown,133
2006,Race-Ethnicity,American Indian/Alaskan Native,970
2006,Race-Ethnicity,Asian,17254
2006,Race-Ethnicity,Black,18391
2006,Race-Ethnicity,Hawaiian/Pacific Islander,659
2006,Race-Ethnicity,Hispanic,36847
2006,Race-Ethnicity,Multi-Race,1126
2006,Race-Ethnicity,White,160999
2006,Race-Ethnicity,Other/Unknown,206
2007,Total Population,Total Population,233467
2007,Age,Under 1 year,2941
2007,Age,1-4 years,495
2007,Age,5-14 years,659
2007,Age,15-24 years,3685
2007,Age,25-34 years,4287
2007,Age,35-44 years,8039
2007,Age,45-54 years,18828
2007,Age,55-64 years,27688
2007,Age,65-74 years,35299
2007,Age,75-84 years,61733
2007,Age,85 years and over,69770
2007,Gender,Female,115061
2007,Gender,Male,118406
2007,Gender * Race-Ethnicity,Female * American Indian/Alaskan Native,464
2007,Gender * Race-Ethnicity,Female * Asian,8436
2007,Gender * Race-Ethnicity,Female * Black,8764
2007,Gender * Race-Ethnicity,Female * Hawaiian/Pacific Islander,325
2007,Gender * Race-Ethnicity,Female * Hispanic,16216
2007,Gender * Race-Ethnicity,Female * Multi-Race,631
2007,Gender * Race-Ethnicity,Female * White,80133
2007,Gender * Race-Ethnicity,Female * Other/Unknown,92
2007,Gender * Race-Ethnicity,Male * American Indian/Alaskan Native,540
2007,Gender * Race-Ethnicity,Male * Asian,9199
2007,Gender * Race-Ethnicity,Male * Black,9479
2007,Gender * Race-Ethnicity,Male * Hawaiian/Pacific Islander,380
2007,Gender * Race-Ethnicity,Male * Hispanic,20521
2007,Gender * Race-Ethnicity,Male * Multi-Race,708
2007,Gender * Race-Ethnicity,Male * White,77437
2007,Gender * Race-Ethnicity,Male * Other/Unknown,142
2007,Race-Ethnicity,American Indian/Alaskan Native,1004
2007,Race-Ethnicity,Asian,17635
2007,Race-Ethnicity,Black,18243
2007,Race-Ethnicity,Hawaiian/Pacific Islander,705
2007,Race-Ethnicity,Hispanic,36737
2007,Race-Ethnicity,Multi-Race,1339
2007,Race-Ethnicity,White,157570
2007,Race-Ethnicity,Other/Unknown,234
2008,Total Population,Total Population,234072
2008,Age,Under 1 year,2806
2008,Age,1-4 years,462
2008,Age,5-14 years,612
2008,Age,15-24 years,3367
2008,Age,25-34 years,4105
2008,Age,35-44 years,7372
2008,Age,45-54 years,18136
2008,Age,55-64 years,28330
2008,Age,65-74 years,35978
2008,Age,75-84 years,60366
2008,Age,85 years and over,72503
2008,Gender,Female,115975
2008,Gender,Male,118097
2008,Gender * Race-Ethnicity,Female * American Indian/Alaskan Native,494
2008,Gender * Race-Ethnicity,Female * Asian,8952
2008,Gender * Race-Ethnicity,Female * Black,8679
2008,Gender * Race-Ethnicity,Female * Hawaiian/Pacific Islander,348
2008,Gender * Race-Ethnicity,Female * Hispanic,16730
2008,Gender * Race-Ethnicity,Female * Multi-Race,695
2008,Gender * Race-Ethnicity,Female * White,79992
2008,Gender * Race-Ethnicity,Female * Other/Unknown,85
2008,Gender * Race-Ethnicity,Male * American Indian/Alaskan Native,516
2008,Gender * Race-Ethnicity,Male * Asian,9398
2008,Gender * Race-Ethnicity,Male * Black,9149
2008,Gender * Race-Ethnicity,Male * Hawaiian/Pacific Islander,385
2008,Gender * Race-Ethnicity,Male * Hispanic,20646
2008,Gender * Race-Ethnicity,Male * Multi-Race,768
2008,Gender * Race-Ethnicity,Male * White,77072
2008,Gender * Race-Ethnicity,Male * Other/Unknown,163
2008,Race-Ethnicity,American Indian/Alaskan Native,1010
2008,Race-Ethnicity,Asian,18350
2008,Race-Ethnicity,Black,17828
2008,Race-Ethnicity,Hawaiian/Pacific Islander,733
2008,Race-Ethnicity,Hispanic,37376
2008,Race-Ethnicity,Multi-Race,1463
2008,Race-Ethnicity,White,157064
2008,Race-Ethnicity,Other/Unknown,248
2009,Total Population,Total Population,231764
2009,Age,Under 1 year,2593
2009,Age,1-4 years,478
2009,Age,5-14 years,617
2009,Age,15-24 years,3217
2009,Age,25-34 years,4130
2009,Age,35-44 years,7375
2009,Age,45-54 years,18409
2009,Age,55-64 years,28668
2009,Age,65-74 years,35755
2009,Age,75-84 years,57669
2009,Age,85 years and over,72825
2009,Gender,Female,113932
2009,Gender,Male,117832
2009,Gender * Race-Ethnicity,Female * American Indian/Alaskan Native,444
2009,Gender * Race-Ethnicity,Female * Asian,8982
2009,Gender * Race-Ethnicity,Female * Black,8442
2009,Gender * Race-Ethnicity,Female * Hawaiian/Pacific Islander,323
2009,Gender * Race-Ethnicity,Female * Hispanic,17028
2009,Gender * Race-Ethnicity,Female * Multi-Race,782
2009,Gender * Race-Ethnicity,Female * White,77808
2009,Gender * Race-Ethnicity,Female * Other/Unknown,123
2009,Gender * Race-Ethnicity,Male * American Indian/Alaskan Native,460
2009,Gender * Race-Ethnicity,Male * Asian,9515
2009,Gender * Race-Ethnicity,Male * Black,9120
2009,Gender * Race-Ethnicity,Male * Hawaiian/Pacific Islander,410
2009,Gender * Race-Ethnicity,Male * Hispanic,21006
2009,Gender * Race-Ethnicity,Male * Multi-Race,866
2009,Gender * Race-Ethnicity,Male * White,76276
2009,Gender * Race-Ethnicity,Male * Other/Unknown,179
2009,Race-Ethnicity,American Indian/Alaskan Native,904
2009,Race-Ethnicity,Asian,18497
2009,Race-Ethnicity,Black,17562
2009,Race-Ethnicity,Hawaiian/Pacific Islander,733
2009,Race-Ethnicity,Hispanic,38034
2009,Race-Ethnicity,Multi-Race,1648
2009,Race-Ethnicity,White,154084
2009,Race-Ethnicity,Other/Unknown,302
2010,Total Population,Total Population,233143
2010,Age,Under 1 year,2419
2010,Age,1-4 years,436
2010,Age,5-14 years,546
2010,Age,15-24 years,2996
2010,Age,25-34 years,3876
2010,Age,35-44 years,6702
2010,Age,45-54 years,17045
2010,Age,55-64 years,29427
2010,Age,65-74 years,35925
2010,Age,75-84 years,57351
2010,Age,85 years and over,76392
2010,Gender,Female,115289
2010,Gender,Male,117854
2010,Gender * Race-Ethnicity,Female * American Indian/Alaskan Native,478
2010,Gender * Race-Ethnicity,Female * Asian,9520
2010,Gender * Race-Ethnicity,Female * Black,8387
2010,Gender * Race-Ethnicity,Female * Hawaiian/Pacific Islander,333
2010,Gender * Race-Ethnicity,Female * Hispanic,17204
2010,Gender * Race-Ethnicity,Female * Multi-Race,875
2010,Gender * Race-Ethnicity,Female * White,78397
2010,Gender * Race-Ethnicity,Female * Other/Unknown,95
2010,Gender * Race-Ethnicity,Male * American Indian/Alaskan Native,493
2010,Gender * Race-Ethnicity,Male * Asian,9782
2010,Gender * Race-Ethnicity,Male * Black,8822
2010,Gender * Race-Ethnicity,Male * Hawaiian/Pacific Islander,397
2010,Gender * Race-Ethnicity,Male * Hispanic,21141
2010,Gender * Race-Ethnicity,Male * Multi-Race,897
2010,Gender * Race-Ethnicity,Male * White,76132
2010,Gender * Race-Ethnicity,Male * Other/Unknown,190
2010,Race-Ethnicity,American Indian/Alaskan Native,971
2010,Race-Ethnicity,Asian,19302
2010,Race-Ethnicity,Black,17209
2010,Race-Ethnicity,Hawaiian/Pacific Islander,730
2010,Race-Ethnicity,Hispanic,38345
2010,Race-Ethnicity,Multi-Race,1772
2010,Race-Ethnicity,White,154529
2010,Race-Ethnicity,Other/Unknown,285
2011,Total Population,Total Population,239006
2011,Age,Under 1 year,2397
2011,Age,1-4 years,445
2011,Age,5-14 years,518
2011,Age,15-24 years,2991
2011,Age,25-34 years,4117
2011,Age,35-44 years,6701
2011,Age,45-54 years,17380
2011,Age,55-64 years,30422
2011,Age,65-74 years,36603
2011,Age,75-84 years,57793
2011,Age,85 years and over,79620
2011,Gender,Female,118021
2011,Gender,Male,120985
2011,Gender * Race-Ethnicity,Female * American Indian/Alaskan Native,499
2011,Gender * Race-Ethnicity,Female * Asian,9923
2011,Gender * Race-Ethnicity,Female * Black,8708
2011,Gender * Race-Ethnicity,Female * Hawaiian/Pacific Islander,347
2011,Gender * Race-Ethnicity,Female * Hispanic,18227
2011,Gender * Race-Ethnicity,Female * Multi-Race,914
2011,Gender * Race-Ethnicity,Female * White,79198
2011,Gender * Race-Ethnicity,Female * Other/Unknown,205
2011,Gender * Race-Ethnicity,Male * American Indian/Alaskan Native,537
2011,Gender * Race-Ethnicity,Male * Asian,10090
2011,Gender * Race-Ethnicity,Male * Black,9167
2011,Gender * Race-Ethnicity,Male * Hawaiian/Pacific Islander,397
2011,Gender * Race-Ethnicity,Male * Hispanic,21884
2011,Gender * Race-Ethnicity,Male * Multi-Race,1060
2011,Gender * Race-Ethnicity,Male * White,77452
2011,Gender * Race-Ethnicity,Male * Other/Unknown,398
2011,Race-Ethnicity,American Indian/Alaskan Native,1036
2011,Race-Ethnicity,Asian,20013
2011,Race-Ethnicity,Black,17875
2011,Race-Ethnicity,Hawaiian/Pacific Islander,744
2011,Race-Ethnicity,Hispanic,40111
2011,Race-Ethnicity,Multi-Race,1974
2011,Race-Ethnicity,White,156650
2011,Race-Ethnicity,Other/Unknown,603
2012,Total Population,Total Population,242461
2012,Age,Under 1 year,2247
2012,Age,1-4 years,411
2012,Age,5-14 years,493
2012,Age,15-24 years,2933
2012,Age,25-34 years,4261
2012,Age,35-44 years,6619
2012,Age,45-54 years,17210
2012,Age,55-64 years,31270
2012,Age,65-74 years,38595
2012,Age,75-84 years,57166
2012,Age,85 years and over,81243
2012,Gender,Female,119111
2012,Gender,Male,123350
2012,Gender * Race-Ethnicity,Female * American Indian/Alaskan Native,510
2012,Gender * Race-Ethnicity,Female * Asian,10414
2012,Gender * Race-Ethnicity,Female * Black,8622
2012,Gender * Race-Ethnicity,Female * Hawaiian/Pacific Islander,400
2012,Gender * Race-Ethnicity,Female * Hispanic,18885
2012,Gender * Race-Ethnicity,Female * Multi-Race,920
2012,Gender * Race-Ethnicity,Female * White,79259
2012,Gender * Race-Ethnicity,Female * Other/Unknown,101
2012,Gender * Race-Ethnicity,Male * American Indian/Alaskan Native,584
2012,Gender * Race-Ethnicity,Male * Asian,10704
2012,Gender * Race-Ethnicity,Male * Black,9222
2012,Gender * Race-Ethnicity,Male * Hawaiian/Pacific Islander,441
2012,Gender * Race-Ethnicity,Male * Hispanic,22489
2012,Gender * Race-Ethnicity,Male * Multi-Race,1008
2012,Gender * Race-Ethnicity,Male * White,78631
2012,Gender * Race-Ethnicity,Male * Other/Unknown,271
2012,Race-Ethnicity,American Indian/Alaskan Native,1094
2012,Race-Ethnicity,Asian,21118
2012,Race-Ethnicity,Black,17844
2012,Race-Ethnicity,Hawaiian/Pacific Islander,841
2012,Race-Ethnicity,Hispanic,41374
2012,Race-Ethnicity,Multi-Race,1928
2012,Race-Ethnicity,White,157890
2012,Race-Ethnicity,Other/Unknown,372
2013,Total Population,Total Population,248118
2013,Age,Under 1 year,2348
2013,Age,1-4 years,372
2013,Age,5-14 years,560
2013,Age,15-24 years,2988
2013,Age,25-34 years,4336
2013,Age,35-44 years,6745
2013,Age,45-54 years,16791
2013,Age,55-64 years,31737
2013,Age,65-74 years,40332
2013,Age,75-84 years,57868
2013,Age,85 years and over,84023
2013,Gender,Female,121113
2013,Gender,Male,127005
2013,Gender * Race-Ethnicity,Female * American Indian/Alaskan Native,580
2013,Gender * Race-Ethnicity,Female * Asian,10839
2013,Gender * Race-Ethnicity,Female * Black,8677
2013,Gender * Race-Ethnicity,Female * Hawaiian/Pacific Islander,341
2013,Gender * Race-Ethnicity,Female * Hispanic,19813
2013,Gender * Race-Ethnicity,Female * Multi-Race,956
2013,Gender * Race-Ethnicity,Female * White,79766
2013,Gender * Race-Ethnicity,Female * Other/Unknown,141
2013,Gender * Race-Ethnicity,Male * American Indian/Alaskan Native,627
2013,Gender * Race-Ethnicity,Male * Asian,11314
2013,Gender * Race-Ethnicity,Male * Black,9589
2013,Gender * Race-Ethnicity,Male * Hawaiian/Pacific Islander,418
2013,Gender * Race-Ethnicity,Male * Hispanic,23975
2013,Gender * Race-Ethnicity,Male * Multi-Race,1053
2013,Gender * Race-Ethnicity,Male * White,79732
2013,Gender * Race-Ethnicity,Male * Other/Unknown,297
2013,Race-Ethnicity,American Indian/Alaskan Native,1207
2013,Race-Ethnicity,Asian,22153
2013,Race-Ethnicity,Black,18266
2013,Race-Ethnicity,Hawaiian/Pacific Islander,759
2013,Race-Ethnicity,Hispanic,43788
2013,Race-Ethnicity,Multi-Race,2009
2013,Race-Ethnicity,White,159498
2013,Race-Ethnicity,Other/Unknown,438
2014,Total Population,Total Population,245705
2014,Age,Under 1 year,2162
2014,Age,1-4 years,358
2014,Age,5-14 years,511
2014,Age,15-24 years,2886
2014,Age,25-34 years,4481
2014,Age,35-44 years,6693
2014,Age,45-54 years,16634
2014,Age,55-64 years,32441
2014,Age,65-74 years,41219
2014,Age,75-84 years,56370
2014,Age,85 years and over,81932
2014,Gender,Female,119424
2014,Gender,Male,126273
2014,Gender * Race-Ethnicity,Female * American Indian/Alaska Native,573
2014,Gender * Race-Ethnicity,Female * Asian,11001
2014,Gender * Race-Ethnicity,Female * Black,8750
2014,Gender * Race-Ethnicity,Female * Hawaiian/Pacific Islander,376
2014,Gender * Race-Ethnicity,Female * Hispanic,19975
2014,Gender * Race-Ethnicity,Female * Multi-Race,1011
2014,Gender * Race-Ethnicity,Female * White,77473
2014,Gender * Race-Ethnicity,Female * Other/Unknown,265
2014,Gender * Race-Ethnicity,Male * American Indian/Alaska Native,582
2014,Gender * Race-Ethnicity,Male * Asian,11235
2014,Gender * Race-Ethnicity,Male * Black,9720
2014,Gender * Race-Ethnicity,Male * Hawaiian/Pacific Islander,438
2014,Gender * Race-Ethnicity,Male * Hispanic,24276
2014,Gender * Race-Ethnicity,Male * Multi-Race,1013
2014,Gender * Race-Ethnicity,Male * White,78551
2014,Gender * Race-Ethnicity,Male * Other/Unknown,458
2014,Race-Ethnicity,American Indian/Alaska Native,1155
2014,Race-Ethnicity,Asian,22236
2014,Race-Ethnicity,Black,18471
2014,Race-Ethnicity,Hawaiian/Pacific Islander,814
2014,Race-Ethnicity,Hispanic,44252
2014,Race-Ethnicity,Multi-Race,2024
2014,Race-Ethnicity,White,156026
2014,Race-Ethnicity,Other/Unknown,727
2015,Total Population,Total Population,259194
2015,Age,Under 1 year,2168
2015,Age,1-4 years,339
2015,Age,5-14 years,496
2015,Age,15-24 years,3048
2015,Age,25-34 years,4812
2015,Age,35-44 years,6978
2015,Age,45-54 years,16560
2015,Age,55-64 years,33326
2015,Age,65-74 years,44783
2015,Age,75-84 years,58706
2015,Age,85 years and over,87963
2015,Gender,Female,126138
2015,Gender,Male,133049
2015,Gender * Race-Ethnicity,Female * American Indian/Alaska Native,632
2015,Gender * Race-Ethnicity,Female * Asian,12123
2015,Gender * Race-Ethnicity,Female * Black,9226
2015,Gender * Race-Ethnicity,Female * Hawaiian/Pacific Islander,443
2015,Gender * Race-Ethnicity,Female * Hispanic,21491
2015,Gender * Race-Ethnicity,Female * Multi-Race,1084
2015,Gender * Race-Ethnicity,Female * White,80830
2015,Gender * Race-Ethnicity,Female * Other/Unknown,309
2015,Gender * Race-Ethnicity,Male * American Indian/Alaska Native,659
2015,Gender * Race-Ethnicity,Male * Asian,12141
2015,Gender * Race-Ethnicity,Male * Black,10205
2015,Gender * Race-Ethnicity,Male * Hawaiian/Pacific Islander,480
2015,Gender * Race-Ethnicity,Male * Hispanic,26073
2015,Gender * Race-Ethnicity,Male * Multi-Race,1191
2015,Gender * Race-Ethnicity,Male * White,81829
2015,Gender * Race-Ethnicity,Male * Other/Unknown,471
2015,Race-Ethnicity,American Indian/Alaska Native,1291
2015,Race-Ethnicity,Asian,24264
2015,Race-Ethnicity,Black,19431
2015,Race-Ethnicity,Hawaiian/Pacific Islander,923
2015,Race-Ethnicity,Hispanic,47568
2015,Race-Ethnicity,Multi-Race,2275
2015,Race-Ethnicity,White,162660
2015,Race-Ethnicity,Other/Unknown,782
2016,Total Population,Total Population,262223
2016,Age,Under 1 year,2054
2016,Age,1-4 years,397
2016,Age,5-14 years,531
2016,Age,15-24 years,3163
2016,Age,25-34 years,5180
2016,Age,35-44 years,7029
2016,Age,45-54 years,16379
2016,Age,55-64 years,34168
2016,Age,65-74 years,45846
2016,Age,75-84 years,59114
2016,Age,85 years and over,88344
2016,Gender,Female,126975
2016,Gender,Male,135246
2016,Gender * Race-Ethnicity,Female * American Indian/Alaska Native,624
2016,Gender * Race-Ethnicity,Female * Asian,12390
2016,Gender * Race-Ethnicity,Female * Black,9370
2016,Gender * Race-Ethnicity,Female * Hawaiian/Pacific Islander,439
2016,Gender * Race-Ethnicity,Female * Hispanic,22382
2016,Gender * Race-Ethnicity,Female * Multi-Race,1185
2016,Gender * Race-Ethnicity,Female * White,80217
2016,Gender * Race-Ethnicity,Female * Other/Unknown,368
2016,Gender * Race-Ethnicity,Male * American Indian/Alaska Native,664
2016,Gender * Race-Ethnicity,Male * Asian,12524
2016,Gender * Race-Ethnicity,Male * Black,10498
2016,Gender * Race-Ethnicity,Male * Hawaiian/Pacific Islander,488
2016,Gender * Race-Ethnicity,Male * Hispanic,27250
2016,Gender * Race-Ethnicity,Male * Multi-Race,1206
2016,Gender * Race-Ethnicity,Male * White,82056
2016,Gender * Race-Ethnicity,Male * Other/Unknown,560
2016,Race-Ethnicity,American Indian/Alaska Native,1288
2016,Race-Ethnicity,Asian,24914
2016,Race-Ethnicity,Black,19869
2016,Race-Ethnicity,Hawaiian/Pacific Islander,927
2016,Race-Ethnicity,Hispanic,49633
2016,Race-Ethnicity,Multi-Race,2391
2016,Race-Ethnicity,White,162273
2016,Race-Ethnicity,Other/Unknown,928
2017,Total Population,Total Population,268385
2017,Age,Under 1 year,1974
2017,Age,1-4 years,336
2017,Age,5-14 years,547
2017,Age,15-24 years,3083
2017,Age,25-34 years,5186
2017,Age,35-44 years,7143
2017,Age,45-54 years,15829
2017,Age,55-64 years,34173
2017,Age,65-74 years,48089
2017,Age,75-84 years,60575
2017,Age,85 years and over,91427
2017,Gender,Female,129773
2017,Gender,Male,138604
2017,Gender * Race-Ethnicity,Female * American Indian/Alaska Native,635
2017,Gender * Race-Ethnicity,Female * Asian,13222
2017,Gender * Race-Ethnicity,Female * Black,9556
2017,Gender * Race-Ethnicity,Female * Hawaiian/Pacific Islander,472
2017,Gender * Race-Ethnicity,Female * Hispanic,23300
2017,Gender * Race-Ethnicity,Female * Multi-Race,1142
2017,Gender * Race-Ethnicity,Female * White,81049
2017,Gender * Race-Ethnicity,Female * Other/Unknown,397
2017,Gender * Race-Ethnicity,Male * American Indian/Alaska Native,709
2017,Gender * Race-Ethnicity,Male * Asian,13306
2017,Gender * Race-Ethnicity,Male * Black,10695
2017,Gender * Race-Ethnicity,Male * Hawaiian/Pacific Islander,532
2017,Gender * Race-Ethnicity,Male * Hispanic,28627
2017,Gender * Race-Ethnicity,Male * Multi-Race,1268
2017,Gender * Race-Ethnicity,Male * White,82819
2017,Gender * Race-Ethnicity,Male * Other/Unknown,648
2017,Race-Ethnicity,American Indian/Alaska Native,1344
2017,Race-Ethnicity,Asian,26529
2017,Race-Ethnicity,Black,20251
2017,Race-Ethnicity,Hawaiian/Pacific Islander,1004
2017,Race-Ethnicity,Hispanic,51930
2017,Race-Ethnicity,Multi-Race,2410
2017,Race-Ethnicity,White,163869
2017,Race-Ethnicity,Other/Unknown,1048
2018,Total Population,Total Population,269154
2018,Age,Under 1 year,1913
2018,Age,1-4 years,342
2018,Age,5-14 years,478
2018,Age,15-24 years,2914
2018,Age,25-34 years,5368
2018,Age,35-44 years,7422
2018,Age,45-54 years,15489
2018,Age,55-64 years,34266
2018,Age,65-74 years,48898
2018,Age,75-84 years,61801
2018,Age,85 years and over,90231
2018,Gender,Female,128830
2018,Gender,Male,140315
2018,Gender * Race-Ethnicity,Female * American Indian/Alaska Native,626
2018,Gender * Race-Ethnicity,Female * Asian,13394
2018,Gender * Race-Ethnicity,Female * Black,9644
2018,Gender * Race-Ethnicity,Female * Hawaiian/Pacific Islander,494
2018,Gender * Race-Ethnicity,Female * Hispanic,24027
2018,Gender * Race-Ethnicity,Female * Multi-Race,1159
2018,Gender * Race-Ethnicity,Female * White,79006
2018,Gender * Race-Ethnicity,Female * Other/Unknown,480
2018,Gender * Race-Ethnicity,Male * American Indian/Alaska Native,724
2018,Gender * Race-Ethnicity,Male * Asian,13736
2018,Gender * Race-Ethnicity,Male * Black,10971
2018,Gender * Race-Ethnicity,Male * Hawaiian/Pacific Islander,585
2018,Gender * Race-Ethnicity,Male * Hispanic,29464
2018,Gender * Race-Ethnicity,Male * Multi-Race,1407
2018,Gender * Race-Ethnicity,Male * White,82561
2018,Gender * Race-Ethnicity,Male * Other/Unknown,867
2018,Race-Ethnicity,American Indian/Alaska Native,1350
2018,Race-Ethnicity,Asian,27130
2018,Race-Ethnicity,Black,20616
2018,Race-Ethnicity,Hawaiian/Pacific Islander,1079
2018,Race-Ethnicity,Hispanic,53493
2018,Race-Ethnicity,Multi-Race,2566
2018,Race-Ethnicity,White,161568
2018,Race-Ethnicity,Other/Unknown,1352
2019,Total Population,Total Population,270092
2019,Age,Under 1 year,1885
2019,Age,1-4 years,314
2019,Age,5-14 years,489
2019,Age,15-24 years,2902
2019,Age,25-34 years,5732
2019,Age,35-44 years,7754
2019,Age,45-54 years,15151
2019,Age,55-64 years,34142
2019,Age,65-74 years,49237
2019,Age,75-84 years,62423
2019,Age,85 years and over,90029
2019,Gender,Female,128247
2019,Gender,Male,141837
2019,Gender * Race-Ethnicity,Female * American Indian/Alaska Native,652
2019,Gender * Race-Ethnicity,Female * Asian,13503
2019,Gender * Race-Ethnicity,Female * Black,9543
2019,Gender * Race-Ethnicity,Female * Hawaiian/Pacific Islander,498
2019,Gender * Race-Ethnicity,Female * Hispanic,24298
2019,Gender * Race-Ethnicity,Female * Multi-Race,1240
2019,Gender * Race-Ethnicity,Female * White,77964
2019,Gender * Race-Ethnicity,Female * Other/Unknown,549
2019,Gender * Race-Ethnicity,Male * American Indian/Alaska Native,699
2019,Gender * Race-Ethnicity,Male * Asian,13800
2019,Gender * Race-Ethnicity,Male * Black,11206
2019,Gender * Race-Ethnicity,Male * Hawaiian/Pacific Islander,625
2019,Gender * Race-Ethnicity,Male * Hispanic,30908
2019,Gender * Race-Ethnicity,Male * Multi-Race,1287
2019,Gender * Race-Ethnicity,Male * White,82388
2019,Gender * Race-Ethnicity,Male * Other/Unknown,924
2019,Race-Ethnicity,American Indian/Alaska Native,1351
2019,Race-Ethnicity,Asian,27303
2019,Race-Ethnicity,Black,20750
2019,Race-Ethnicity,Hawaiian/Pacific Islander,1123
2019,Race-Ethnicity,Hispanic,55207
2019,Race-Ethnicity,Multi-Race,2528
2019,Race-Ethnicity,White,160352
2019,Race-Ethnicity,Other/Unknown,1478
2019,Race Alone or In Combination,American Indian / Alaska Native,3440
2019,Race Alone or In Combination,Asian,28611
2019,Race Alone or In Combination,Asian - Chinese (including Taiwanese),7640
2019,Race Alone or In Combination,Asian - Japanese,3396
2019,Race Alone or In Combination,Asian - Korean,2427
2019,Race Alone or In Combination,Asian - Vietnamese,3034
2019,Race Alone or In Combination,Asian - Cambodian,487
2019,Race Alone or In Combination,Asian - Thai,254
2019,Race Alone or In Combination,Asian - Laotian,335
2019,Race Alone or In Combination,Asian - Hmong,413
2019,Race Alone or In Combination,"Asian - Asian Indian (including Bangladeshi, Pakistani, and Sri Lankan)",2086
2019,Race Alone or In Combination,Asian - Filipino,7480
2019,Race Alone or In Combination,Black,21805
2019,Race Alone or In Combination,Native Hawaiian / Pacific Islander (NHPI),1378
2019,Race Alone or In Combination,NHPI - Hawaiian,256
2019,Race Alone or In Combination,NHPI - Guamanian or Chamorro,136
2019,Race Alone or In Combination,NHPI - Samoan,363
2019,Race Alone or In Combination,White (including Middle Eastern and North African),216766
2020,Total Population,Total Population,320128
2020,Age,Under 1 year,1660
2020,Age,1-4 years,317
2020,Age,5-14 years,541
2020,Age,15-24 years,3798
2020,Age,25-34 years,7459
2020,Age,35-44 years,10252
2020,Age,45-54 years,18859
2020,Age,55-64 years,41278
2020,Age,65-74 years,60540
2020,Age,75-84 years,73538
2020,Age,85 years and over,101860
2020,Gender,Female,148149
2020,Gender,Male,171972
2020,Gender * Race-Ethnicity,Female * American Indian/Alaska Native,797
2020,Gender * Race-Ethnicity,Female * Asian,16670
2020,Gender * Race-Ethnicity,Female * Black,11758
2020,Gender * Race-Ethnicity,Female * Hawaiian/Pacific Islander,581
2020,Gender * Race-Ethnicity,Female * Hispanic,32871
2020,Gender * Race-Ethnicity,Female * Multi-Race,1391
2020,Gender * Race-Ethnicity,Female * White,83449
2020,Gender * Race-Ethnicity,Female * Other/Unknown,632
2020,Gender * Race-Ethnicity,Male * American Indian/Alaska Native,846
2020,Gender * Race-Ethnicity,Male * Asian,17564
2020,Gender * Race-Ethnicity,Male * Black,13808
2020,Gender * Race-Ethnicity,Male * Hawaiian/Pacific Islander,747
2020,Gender * Race-Ethnicity,Male * Hispanic,44799
2020,Gender * Race-Ethnicity,Male * Multi-Race,1712
2020,Gender * Race-Ethnicity,Male * White,91311
2020,Gender * Race-Ethnicity,Male * Other/Unknown,1185
2020,Race-Ethnicity,American Indian/Alaska Native,1643
2020,Race-Ethnicity,Asian,34235
2020,Race-Ethnicity,Black,25566
2020,Race-Ethnicity,Hawaiian/Pacific Islander,1328
2020,Race-Ethnicity,Hispanic,77671
2020,Race-Ethnicity,Multi-Race,3103
2020,Race-Ethnicity,White,174762
2020,Race-Ethnicity,Other/Unknown,1820
2020,Race Alone or In Combination,American Indian / Alaska Native,4187
2020,Race Alone or In Combination,Asian,35812
2020,Race Alone or In Combination,Asian - Chinese (including Taiwanese),9285
2020,Race Alone or In Combination,Asian - Japanese,3895
2020,Race Alone or In Combination,Asian - Korean,3239
2020,Race Alone or In Combination,Asian - Vietnamese,3887
2020,Race Alone or In Combination,Asian - Cambodian,692
2020,Race Alone or In Combination,Asian - Thai,281
2020,Race Alone or In Combination,Asian - Laotian,461
2020,Race Alone or In Combination,Asian - Hmong,503
2020,Race Alone or In Combination,"Asian - Asian Indian (including Bangladeshi, Pakistani, and Sri Lankan)",2521
2020,Race Alone or In Combination,Asian - Filipino,9632
2020,Race Alone or In Combination,Black,26928
2020,Race Alone or In Combination,Native Hawaiian / Pacific Islander (NHPI),1740
2020,Race Alone or In Combination,NHPI - Hawaiian,346
2020,Race Alone or In Combination,NHPI - Guamanian or Chamorro,207
2020,Race Alone or In Combination,NHPI - Samoan,462
2020,Race Alone or In Combination,White (including Middle Eastern and North African),253611
2021,Total Population,Total Population,333573
2021,Age,Under 1 year,1712
2021,Age,1-4 years,305
2021,Age,5-14 years,534
2021,Age,15-24 years,3847
2021,Age,25-34 years,8596
2021,Age,35-44 years,12470
2021,Age,45-54 years,21385
2021,Age,55-64 years,45088
2021,Age,65-74 years,64953
2021,Age,75-84 years,75760
2021,Age,85 years and over,98901
2021,Gender,Female,151972
2021,Gender,Male,181595
2021,Gender,Nonbinary/Unknown,NA
2021,Gender * Race-Ethnicity,Female * American Indian/Alaska Native,897
2021,Gender * Race-Ethnicity,Female * Asian,17002
2021,Gender * Race-Ethnicity,Female * Black,11875
2021,Gender * Race-Ethnicity,Female * Hawaiian/Pacific Islander,654
2021,Gender * Race-Ethnicity,Female * Hispanic,35380
2021,Gender * Race-Ethnicity,Female * Multi-Race,1528
2021,Gender * Race-Ethnicity,Female * White,84002
2021,Gender * Race-Ethnicity,Female * Other/Unknown,634
2021,Gender * Race-Ethnicity,Male * American Indian/Alaska Native,1035
2021,Gender * Race-Ethnicity,Male * Asian,18219
2021,Gender * Race-Ethnicity,Male * Black,14357
2021,Gender * Race-Ethnicity,Male * Hawaiian/Pacific Islander,890
2021,Gender * Race-Ethnicity,Male * Hispanic,49484
2021,Gender * Race-Ethnicity,Male * Multi-Race,1914
2021,Gender * Race-Ethnicity,Male * White,94323
2021,Gender * Race-Ethnicity,Male * Other/Unknown,1373
2021,Race-Ethnicity,American Indian/Alaska Native,1932
2021,Race-Ethnicity,Asian,35221
2021,Race-Ethnicity,Black,26232
2021,Race-Ethnicity,Hawaiian/Pacific Islander,1544
2021,Race-Ethnicity,Hispanic,84866
2021,Race-Ethnicity,Multi-Race,3443
2021,Race-Ethnicity,White,178327
2021,Race-Ethnicity,Other/Unknown,2008
2021,Race Alone or In Combination,American Indian / Alaska Native,4871
2021,Race Alone or In Combination,Asian,36990
2021,Race Alone or In Combination,Asian - Chinese (including Taiwanese),9372
2021,Race Alone or In Combination,Asian - Japanese,3814
2021,Race Alone or In Combination,Asian - Korean,2998
2021,Race Alone or In Combination,Asian - Vietnamese,4142
2021,Race Alone or In Combination,Asian - Cambodian,764
2021,Race Alone or In Combination,Asian - Thai,344
2021,Race Alone or In Combination,Asian - Laotian,506
2021,Race Alone or In Combination,Asian - Hmong,597
2021,Race Alone or In Combination,"Asian - Asian Indian (including Bangladeshi, Pakistani, and Sri Lankan)",2726
2021,Race Alone or In Combination,Asian - Filipino,10224
2021,Race Alone or In Combination,Black,27738
2021,Race Alone or In Combination,Native Hawaiian / Pacific Islander (NHPI),2021
2021,Race Alone or In Combination,NHPI - Hawaiian,343
2021,Race Alone or In Combination,NHPI - Guamanian or Chamorro,210
2021,Race Alone or In Combination,NHPI - Samoan,556
2021,Race Alone or In Combination,White (including Middle Eastern and North African),263803
2022,Total Population,Total Population,313199
2022,Age,Under 1 year,1699
2022,Age,1-4 years,336
2022,Age,5-14 years,538
2022,Age,15-24 years,3363
2022,Age,25-34 years,7966
2022,Age,35-44 years,10776
2022,Age,45-54 years,17619
2022,Age,55-64 years,37526
2022,Age,65-74 years,59146
2022,Age,75-84 years,74894
2022,Age,85 years and over,99324
2022,Gender,Female,145901
2022,Gender,Male,167273
2022,Gender,Nonbinary/Unknown,25
2022,Gender * Race-Ethnicity,Female * American Indian/Alaska Native,771
2022,Gender * Race-Ethnicity,Female * Asian,16507
2022,Gender * Race-Ethnicity,Female * Black,11432
2022,Gender * Race-Ethnicity,Female * Hawaiian/Pacific Islander,615
2022,Gender * Race-Ethnicity,Female * Hispanic,31095
2022,Gender * Race-Ethnicity,Female * Multi-Race,1487
2022,Gender * Race-Ethnicity,Female * White,83311
2022,Gender * Race-Ethnicity,Female * Other/Unknown,683
2022,Gender * Race-Ethnicity,Male * American Indian/Alaska Native,872
2022,Gender * Race-Ethnicity,Male * Asian,17367
2022,Gender * Race-Ethnicity,Male * Black,13397
2022,Gender * Race-Ethnicity,Male * Hawaiian/Pacific Islander,702
2022,Gender * Race-Ethnicity,Male * Hispanic,40264
2022,Gender * Race-Ethnicity,Male * Multi-Race,1814
2022,Gender * Race-Ethnicity,Male * White,91529
2022,Gender * Race-Ethnicity,Male * Other/Unknown,1328
2022,Race-Ethnicity,American Indian/Alaska Native,1643
2022,Race-Ethnicity,Asian,33876
2022,Race-Ethnicity,Black,24830
2022,Race-Ethnicity,Hawaiian/Pacific Islander,1317
2022,Race-Ethnicity,Hispanic,71361
2022,Race-Ethnicity,Multi-Race,3304
2022,Race-Ethnicity,White,174857
2022,Race-Ethnicity,Other/Unknown,2011
2022,Race Alone or In Combination,American Indian / Alaska Native,4301
2022,Race Alone or In Combination,Asian,35547
2022,Race Alone or In Combination,Asian - Chinese (including Taiwanese),9688
2022,Race Alone or In Combination,Asian - Japanese,3614
2022,Race Alone or In Combination,Asian - Korean,2950
2022,Race Alone or In Combination,Asian - Vietnamese,3820
2022,Race Alone or In Combination,Asian - Cambodian,653
2022,Race Alone or In Combination,Asian - Thai,328
2022,Race Alone or In Combination,Asian - Laotian,419
2022,Race Alone or In Combination,Asian - Hmong,472
2022,Race Alone or In Combination,"Asian - Asian Indian (including Bangladeshi, Pakistani, and Sri Lankan)",2782
2022,Race Alone or In Combination,Asian - Filipino,9439
2022,Race Alone or In Combination,Black,26320
2022,Race Alone or In Combination,Native Hawaiian / Pacific Islander (NHPI),1769
2022,Race Alone or In Combination,NHPI - Hawaiian,328
2022,Race Alone or In Combination,NHPI - Guamanian or Chamorro,186
2022,Race Alone or In Combination,NHPI - Samoan,402
2022,Race Alone or In Combination,White (including Middle Eastern and North African),245652
2023,Total Population,Total Population,294706
2023,Age,Under 1 year,1624
2023,Age,1-4 years,367
2023,Age,5-14 years,485
2023,Age,15-24 years,3245
2023,Age,25-34 years,7267
2023,Age,35-44 years,10475
2023,Age,45-54 years,15812
2023,Age,55-64 years,34374
2023,Age,65-74 years,55648
2023,Age,75-84 years,72342
2023,Age,85 years and over,93057
2023,Gender,Female,137677
2023,Gender,Male,157006
2023,Gender,Nonbinary/Unknown,23
2023,Gender * Race-Ethnicity,Female * American Indian/Alaska Native,730
2023,Gender * Race-Ethnicity,Female * Asian,15987
2023,Gender * Race-Ethnicity,Female * Black,10571
2023,Gender * Race-Ethnicity,Female * Hawaiian/Pacific Islander,588
2023,Gender * Race-Ethnicity,Female * Hispanic,28871
2023,Gender * Race-Ethnicity,Female * Multi-Race,1529
2023,Gender * Race-Ethnicity,Female * White,78730
2023,Gender * Race-Ethnicity,Female * Other/Unknown,671
2023,Gender * Race-Ethnicity,Male * American Indian/Alaska Native,757
2023,Gender * Race-Ethnicity,Male * Asian,16532
2023,Gender * Race-Ethnicity,Male * Black,12357
2023,Gender * Race-Ethnicity,Male * Hawaiian/Pacific Islander,673
2023,Gender * Race-Ethnicity,Male * Hispanic,37486
2023,Gender * Race-Ethnicity,Male * Multi-Race,1757
2023,Gender * Race-Ethnicity,Male * White,86125
2023,Gender * Race-Ethnicity,Male * Other/Unknown,1319
2023,Race-Ethnicity,American Indian/Alaska Native,1487
2023,Race-Ethnicity,Asian,32521
2023,Race-Ethnicity,Black,22930
2023,Race-Ethnicity,Hawaiian/Pacific Islander,1261
2023,Race-Ethnicity,Hispanic,66360
2023,Race-Ethnicity,Multi-Race,3288
2023,Race-Ethnicity,White,164868
2023,Race-Ethnicity,Other/Unknown,1991
2023,Race Alone or In Combination,American Indian / Alaska Native,4114
2023,Race Alone or In Combination,Asian,34187
2023,Race Alone or In Combination,Asian - Chinese,8883
2023,Race Alone or In Combination,Asian - Japanese,3436
2023,Race Alone or In Combination,Asian - Korean,2835
2023,Race Alone or In Combination,Asian - Vietnamese,3897
2023,Race Alone or In Combination,Asian - Cambodian,598
2023,Race Alone or In Combination,Asian - Thai,268
2023,Race Alone or In Combination,Asian - Laotian,362
2023,Race Alone or In Combination,Asian - Hmong,422
2023,Race Alone or In Combination,Asian - Asian Indian,2406
2023,Race Alone or In Combination,Asian - Filipino,8830
2023,Race Alone or In Combination,Asian - Indonesian,226
2023,Race Alone or In Combination,Asian - Malaysian,15
2023,Race Alone or In Combination,Asian - Taiwanese,568
2023,Race Alone or In Combination,Asian - Bangladeshi,49
2023,Race Alone or In Combination,Asian - Pakistani,254
2023,Race Alone or In Combination,Asian - Sri Lankan,60
2023,Race Alone or In Combination,Black,24435
2023,Race Alone or In Combination,Native Hawaiian / Pacific Islander (NHPI),1703
2023,Race Alone or In Combination,NHPI - Hawaiian,334
2023,Race Alone or In Combination,NHPI - Guamanian or Chamorro,186
2023,Race Alone or In Combination,NHPI - Samoan,392
2023,Race Alone or In Combination,NHPI - Fijian,116
2023,Race Alone or In Combination,NHPI - Tongan,175
2023,Race Alone or In Combination,White (including Middle Eastern and North African),230819
